seed,setting,group,value,reproduces_simulated_batch,overlap,verifier_p_mean,diversity,n_lx,n_ldc3,median_width_um,share_wide,seconds
101,0,As run,,True,1.0,0.5872092364297217,0.3268498592822543,7,2,1038.973737871877,1.0,52.55522561073303
101,1,Risk weight $\lambda$ (0.5),0,,0.8666666666666667,0.5885340360278534,0.3146560485840254,8,2,1038.973737871877,1.0,55.11043810844421
101,2,Risk weight $\lambda$ (0.5),0.25,,0.9333333333333332,0.5916364856265729,0.3313929365163051,8,2,1038.973737871877,1.0,47.87256193161011
101,3,Risk weight $\lambda$ (0.5),1,,0.7333333333333333,0.5683751837149402,0.3593822833993778,7,2,1037.098159680182,0.9333333333333332,46.33858013153076
101,4,"$OP_{1dB}$ label relaxation (1\,dB)","0.5\,dB",,0.2666666666666666,0.4225454272050041,0.5762308396616876,9,1,991.7673230567592,0.6,54.83910465240479
101,5,"$OP_{1dB}$ label relaxation (1\,dB)","2\,dB",,0.6666666666666666,0.479952411268905,0.4842997068672834,5,2,1022.3587056633468,0.7333333333333333,56.587119340896606
101,6,"Ensemble sizes (5, 10, 15)",5,,0.6,0.5923842500635348,0.3435829030688525,8,2,1116.1045028310912,1.0,8.11185884475708
101,7,"Ensemble sizes (5, 10, 15)",15,,0.7333333333333333,0.5810812396404843,0.3453184912460926,6,2,1037.098159680182,1.0,22.01201438903809
101,8,"Ensemble sizes (5, 10, 15)","10, 20, 30",,0.9333333333333332,0.5847757124111903,0.3351745248272358,8,2,1037.098159680182,1.0,95.50533533096312
101,9,Efficiency weight exponent (1),0,,0.4666666666666667,0.6070510830651803,0.4236155004514861,6,2,1177.0484849400402,1.0,47.56358361244202
101,10,Efficiency weight exponent (1),2,,0.6666666666666666,0.5502857400745381,0.3621286075925692,8,2,1014.0532126559358,0.9333333333333332,40.836405992507935
202,0,As run,,True,1.0,0.5824261798596269,0.3485587535350326,8,2,1103.5137164055498,1.0,41.59024214744568
202,1,Risk weight $\lambda$ (0.5),0,,0.9333333333333332,0.578431263584424,0.3314582723253128,8,1,1077.206119287259,1.0,48.87551069259644
202,2,Risk weight $\lambda$ (0.5),0.25,,0.9333333333333332,0.578431263584424,0.3314582723253128,8,1,1077.206119287259,1.0,49.24427580833435
202,3,Risk weight $\lambda$ (0.5),1,,0.6666666666666666,0.5484034304220758,0.4506983886746833,7,2,1077.206119287259,0.8,40.3259117603302
202,4,"$OP_{1dB}$ label relaxation (1\,dB)","0.5\,dB",,0.2666666666666666,0.4345209294163378,0.4067633231289432,9,1,941.7670603185584,0.4,40.8082320690155
202,5,"$OP_{1dB}$ label relaxation (1\,dB)","2\,dB",,0.1333333333333333,0.3627112934790258,0.4793920585833245,6,1,899.303022365065,0.4666666666666667,48.67127799987793
202,6,"Ensemble sizes (5, 10, 15)",5,,0.8666666666666667,0.5753197132856768,0.3471974193547712,8,1,1077.206119287259,1.0,9.355765104293823
202,7,"Ensemble sizes (5, 10, 15)",15,,0.8666666666666667,0.5691035554661629,0.3237542956564443,9,1,1051.922993704582,1.0,25.382636547088623
202,8,"Ensemble sizes (5, 10, 15)","10, 20, 30",,0.8666666666666667,0.5658498450249586,0.3396452183049033,8,2,1051.922993704582,1.0,82.89038181304932
202,9,Efficiency weight exponent (1),0,,0.3333333333333333,0.5939047978368261,0.3613151696392819,8,2,1247.6599570982762,1.0,45.560441732406616
202,10,Efficiency weight exponent (1),2,,0.4666666666666667,0.4656585883569869,0.5584623439101801,8,1,1000.0612659687372,0.6,49.24459218978882
303,0,As run,,True,1.0,0.5840732481686056,0.3296650054126807,8,1,1088.2705955452875,1.0,43.736207723617554
303,1,Risk weight $\lambda$ (0.5),0,,0.8666666666666667,0.5901367808614676,0.3478498437450056,9,1,1099.0318028014588,0.9333333333333332,41.25061559677124
303,2,Risk weight $\lambda$ (0.5),0.25,,0.9333333333333332,0.5821195537633906,0.3557596985199662,8,1,1088.2705955452875,0.9333333333333332,45.09893751144409
303,3,Risk weight $\lambda$ (0.5),1,,0.8,0.5757309468918739,0.3637982047659645,7,1,1049.5819543657635,0.9333333333333332,49.24853539466858
303,4,"$OP_{1dB}$ label relaxation (1\,dB)","0.5\,dB",,0.2666666666666666,0.418335276780301,0.3723212199064806,9,1,924.845308255694,0.4666666666666667,45.28397011756897
303,5,"$OP_{1dB}$ label relaxation (1\,dB)","2\,dB",,0.2666666666666666,0.40332929331848,0.4560169454593243,4,2,847.4673724172588,0.3333333333333333,42.08005666732788
303,6,"Ensemble sizes (5, 10, 15)",5,,0.8666666666666667,0.5826759809493287,0.3555578029685364,7,1,1088.2705955452875,0.9333333333333332,8.282727718353271
303,7,"Ensemble sizes (5, 10, 15)",15,,0.8666666666666667,0.5719504354723083,0.3686347057766111,6,1,1049.5819543657635,0.9333333333333332,23.30434775352478
303,8,"Ensemble sizes (5, 10, 15)","10, 20, 30",,0.8666666666666667,0.5719120887993441,0.3591414618198604,7,1,1049.5819543657635,0.8666666666666667,95.55326223373412
303,9,Efficiency weight exponent (1),0,,0.3333333333333333,0.6199525443898313,0.4429561597396619,6,1,1207.7556228279084,1.0,39.43638348579407
303,10,Efficiency weight exponent (1),2,,0.5333333333333333,0.489826856605978,0.5297429399370102,5,1,1021.1957699018452,0.7333333333333333,43.69023323059082
404,0,As run,,True,1.0,0.5691124347919903,0.3362182726871247,9,1,1025.9593253508067,1.0,48.95913791656494
404,1,Risk weight $\lambda$ (0.5),0,,0.9333333333333332,0.5625592959984898,0.3227643283577725,9,1,1025.47121495969,1.0,46.49240684509277
404,2,Risk weight $\lambda$ (0.5),0.25,,0.9333333333333332,0.5688790571761947,0.3291441077503947,8,1,1025.9593253508067,1.0,40.68495655059815
404,3,Risk weight $\lambda$ (0.5),1,,0.8666666666666667,0.5681385234457826,0.3881957624156653,8,1,1025.9593253508067,1.0,43.35401725769043
404,4,"$OP_{1dB}$ label relaxation (1\,dB)","0.5\,dB",,0.3333333333333333,0.4165528834420178,0.4818183241919815,6,1,904.6967773755816,0.4666666666666667,49.80458068847656
404,5,"$OP_{1dB}$ label relaxation (1\,dB)","2\,dB",,0.4,0.4286903290856972,0.4549386268949718,5,1,1001.0784789248456,0.6,48.448885679245
404,6,"Ensemble sizes (5, 10, 15)",5,,0.5333333333333333,0.485612205412016,0.3541780079431203,8,1,1013.648144510688,0.7333333333333333,7.86071252822876
404,7,"Ensemble sizes (5, 10, 15)",15,,0.8,0.5450065709521252,0.4124359862030733,7,1,1020.1435288399476,0.8666666666666667,21.21635150909424
404,8,"Ensemble sizes (5, 10, 15)","10, 20, 30",,0.8666666666666667,0.5595481291903465,0.3692575397935214,9,1,1036.883423684527,0.9333333333333332,90.09782648086548
404,9,Efficiency weight exponent (1),0,,0.2,0.6237990146536089,0.4577426848411408,6,1,1245.8901265840063,1.0,48.37528085708618
404,10,Efficiency weight exponent (1),2,,0.7333333333333333,0.5090733738058432,0.4806531084159143,7,1,1015.8814885318916,0.7333333333333333,40.62421226501465
505,0,As run,,True,1.0,0.5682887102823441,0.4533567514140761,7,2,1042.883485922834,0.8666666666666667,40.778470516204834
505,1,Risk weight $\lambda$ (0.5),0,,0.8666666666666667,0.5761906988069231,0.5167774820211498,7,1,1039.5435372558834,0.8666666666666667,47.715474128723145
505,2,Risk weight $\lambda$ (0.5),0.25,,0.9333333333333332,0.56023308613134,0.5035090717454886,7,1,1039.5435372558834,0.8,49.331151247024536
505,3,Risk weight $\lambda$ (0.5),1,,0.8666666666666667,0.5460096417633289,0.4866950565984341,8,2,1042.883485922834,0.8,40.81847381591797
505,4,"$OP_{1dB}$ label relaxation (1\,dB)","0.5\,dB",,0.2,0.3685352197117858,0.5465764254726654,6,1,846.0317294178277,0.2666666666666666,40.8267617225647
505,5,"$OP_{1dB}$ label relaxation (1\,dB)","2\,dB",,0.1333333333333333,0.3821836277725627,0.4935998898657895,7,1,803.5879980971949,0.2,47.65574860572815
505,6,"Ensemble sizes (5, 10, 15)",5,,0.1333333333333333,0.4127860266025072,0.7443061101149067,3,6,1081.637435360036,0.5333333333333333,8.682639598846436
505,7,"Ensemble sizes (5, 10, 15)",15,,0.9333333333333332,0.5629907377428007,0.4944185181197632,6,2,1042.883485922834,0.8,25.18253517150879
505,8,"Ensemble sizes (5, 10, 15)","10, 20, 30",,0.8666666666666667,0.5600469529988991,0.4820559330416498,7,1,1012.586426094389,0.8,84.97432065010071
505,9,Efficiency weight exponent (1),0,,0.4666666666666667,0.6024834732172336,0.5415402289581814,6,2,1171.6450073864469,1.0,44.45823502540589
505,10,Efficiency weight exponent (1),2,,0.4,0.3954406165825588,0.5379682199916095,5,2,800.4383227091213,0.2666666666666666,50.13606023788452
606,0,As run,,True,1.0,0.6075362574154431,0.3718229669945384,8,1,1049.430748069903,1.0,44.86750054359436
606,1,Risk weight $\lambda$ (0.5),0,,0.8666666666666667,0.6126924074851139,0.3701383002133501,7,1,1049.430748069903,1.0,40.462690114974976
606,2,Risk weight $\lambda$ (0.5),0.25,,0.9333333333333332,0.6106088172930746,0.3797579400081777,8,1,1049.430748069903,1.0,45.13456702232361
606,3,Risk weight $\lambda$ (0.5),1,,1.0,0.6075362574154431,0.3718229669945385,8,1,1049.430748069903,1.0,49.171034812927246
606,4,"$OP_{1dB}$ label relaxation (1\,dB)","0.5\,dB",,0.4,0.4610639717511403,0.4315787234073346,7,1,951.4639459997148,0.5333333333333333,45.01825165748596
606,5,"$OP_{1dB}$ label relaxation (1\,dB)","2\,dB",,0.4666666666666667,0.4605832412677668,0.4489742836081682,7,2,1003.1642419228472,0.5333333333333333,39.92519950866699
606,6,"Ensemble sizes (5, 10, 15)",5,,0.7333333333333333,0.6261494444267979,0.3982776202219462,6,2,1105.172924536202,1.0,9.222626447677612
606,7,"Ensemble sizes (5, 10, 15)",15,,0.8666666666666667,0.6134155025488397,0.3907949639289818,8,2,1049.430748069903,1.0,21.22313666343689
606,8,"Ensemble sizes (5, 10, 15)","10, 20, 30",,0.8666666666666667,0.61273244617661,0.3970848612290979,8,1,1049.430748069903,1.0,96.97635626792908
606,9,Efficiency weight exponent (1),0,,0.5333333333333333,0.6229686927383992,0.4547638804742906,7,1,1179.1596442831135,1.0,39.33320069313049
606,10,Efficiency weight exponent (1),2,,0.6666666666666666,0.5253114749500217,0.514689447246559,7,2,1017.6610853928846,0.7333333333333333,41.33898186683655
707,0,As run,,True,1.0,0.5456345721241471,0.5186492875100667,6,2,1020.70008788964,0.8,48.53967046737671
707,1,Risk weight $\lambda$ (0.5),0,,0.6666666666666666,0.5432094750049493,0.4377850047704598,8,2,1020.70008788964,0.8666666666666667,50.13818454742432
707,2,Risk weight $\lambda$ (0.5),0.25,,0.8,0.5581003772503041,0.4628179525581073,7,2,1020.7948506545912,0.8666666666666667,40.4283938407898
707,3,Risk weight $\lambda$ (0.5),1,,0.6666666666666666,0.5308650340363982,0.5396856596567061,4,2,1042.2834032221365,0.8,42.7009437084198
707,4,"$OP_{1dB}$ label relaxation (1\,dB)","0.5\,dB",,0.2666666666666666,0.399716012642329,0.5421134278600237,7,1,977.3884549699152,0.5333333333333333,48.35630702972412
707,5,"$OP_{1dB}$ label relaxation (1\,dB)","2\,dB",,0.3333333333333333,0.4343926864006106,0.5644145330878734,5,2,978.2217648450428,0.5333333333333333,50.838298082351685
707,6,"Ensemble sizes (5, 10, 15)",5,,0.8,0.5505891780071358,0.4439848384920203,7,2,1020.70008788964,0.8666666666666667,7.443969488143921
707,7,"Ensemble sizes (5, 10, 15)",15,,0.6666666666666666,0.5330311377765973,0.4865227076726527,8,1,1020.7948506545912,0.8,20.804575204849243
707,8,"Ensemble sizes (5, 10, 15)","10, 20, 30",,0.8,0.552430403417293,0.4641754741500561,8,2,1020.7948506545912,0.8666666666666667,86.45562410354614
707,9,Efficiency weight exponent (1),0,,0.0666666666666666,0.5723883572039188,0.4643424752620306,10,2,1262.430169982899,1.0,48.372246742248535
707,10,Efficiency weight exponent (1),2,,0.6,0.4440439675108175,0.610132481217473,8,2,856.5051507895638,0.4666666666666667,44.77953553199768
808,0,As run,,True,1.0,0.5419858272490582,0.5076838986742557,6,3,1014.9247613802364,0.8,42.12192106246948
808,1,Risk weight $\lambda$ (0.5),0,,0.6666666666666666,0.5471287914091554,0.3921913103985023,10,1,1012.5245537852928,0.9333333333333332,46.72425413131714
808,2,Risk weight $\lambda$ (0.5),0.25,,0.8,0.5275378027402735,0.4592968799038147,8,1,1012.5245537852928,0.8,49.288838624954224
808,3,Risk weight $\lambda$ (0.5),1,,0.7333333333333333,0.5166101323236678,0.5140026872885172,6,4,1015.5176067966876,0.7333333333333333,42.87613248825073
808,4,"$OP_{1dB}$ label relaxation (1\,dB)","0.5\,dB",,0.3333333333333333,0.3987293022195209,0.5717127493929492,6,1,947.1843871359112,0.4666666666666667,42.30882835388184
808,5,"$OP_{1dB}$ label relaxation (1\,dB)","2\,dB",,0.2,0.3468104972447205,0.5257546918857603,4,1,853.5222338065746,0.2666666666666666,46.67700695991516
808,6,"Ensemble sizes (5, 10, 15)",5,,0.6,0.568464139472547,0.4946931208012687,5,3,1091.4598373293404,0.8666666666666667,9.246135473251345
808,7,"Ensemble sizes (5, 10, 15)",15,,0.8,0.5362754872031608,0.4718405382427609,8,1,1012.5245537852928,0.8,25.41241431236267
808,8,"Ensemble sizes (5, 10, 15)","10, 20, 30",,0.7333333333333333,0.5371677121179571,0.4651165154713031,8,1,1014.9247613802364,0.8666666666666667,84.34769749641418
808,9,Efficiency weight exponent (1),0,,0.1333333333333333,0.5868891250665503,0.4526074774000934,7,4,1253.2680672574695,1.0,43.0531816482544
808,10,Efficiency weight exponent (1),2,,0.6666666666666666,0.4544780813987547,0.5364942332401379,4,1,928.762218141782,0.4666666666666667,50.7452027797699
909,0,As run,,True,1.0,0.5735743474738333,0.3662487155796363,5,2,1075.4272990721631,1.0,46.15761637687683
909,1,Risk weight $\lambda$ (0.5),0,,0.8666666666666667,0.5574967521176205,0.3474059897058996,6,2,1047.4867774987597,1.0,39.9010546207428
909,2,Risk weight $\lambda$ (0.5),0.25,,0.8666666666666667,0.5629206888700093,0.3484433281236508,6,2,1075.4272990721631,1.0,43.99178552627564
909,3,Risk weight $\lambda$ (0.5),1,,0.8666666666666667,0.581288620506845,0.4108907168625066,5,2,1150.0864002599913,1.0,49.61770820617676
909,4,"$OP_{1dB}$ label relaxation (1\,dB)","0.5\,dB",,0.1333333333333333,0.411110734668104,0.684694875343791,5,1,907.9136620997868,0.4666666666666667,45.16638422012329
909,5,"$OP_{1dB}$ label relaxation (1\,dB)","2\,dB",,0.0666666666666666,0.3225473747489362,0.4851464395224855,4,2,800.7566616481695,0.3333333333333333,40.03863549232483
909,6,"Ensemble sizes (5, 10, 15)",5,,0.4666666666666667,0.5576979061174311,0.3455362495055665,7,3,1166.543190270264,1.0,7.87921404838562
909,7,"Ensemble sizes (5, 10, 15)",15,,0.7333333333333333,0.5684117883221033,0.3634352628414863,7,2,1152.743266657688,1.0,21.120075464248657
909,8,"Ensemble sizes (5, 10, 15)","10, 20, 30",,0.7333333333333333,0.5386410155011947,0.4217459398701371,7,2,1026.2916674779617,0.8666666666666667,97.3634352684021
909,9,Efficiency weight exponent (1),0,,0.3333333333333333,0.5966353488674708,0.4504332800458478,7,2,1216.5664995032334,1.0,39.56821036338806
909,10,Efficiency weight exponent (1),2,,0.4,0.4478852201467133,0.6097674554560039,7,2,1016.9267650448032,0.6,41.256266355514526
1010,0,As run,,True,1.0,0.5514355396774192,0.4403547064145821,4,2,1015.3423151173068,0.6666666666666666,47.46140789985657
1010,1,Risk weight $\lambda$ (0.5),0,,0.8666666666666667,0.5711824587172204,0.4185742410848853,4,2,1049.4761258210742,0.8,49.5252366065979
1010,2,Risk weight $\lambda$ (0.5),0.25,,0.9333333333333332,0.5589024743815533,0.4209922786184321,4,2,1044.483616700234,0.7333333333333333,40.60901308059693
1010,3,Risk weight $\lambda$ (0.5),1,,0.8666666666666667,0.526990989286464,0.4594503122566104,4,3,1015.3423151173068,0.6,40.619287967681885
1010,4,"$OP_{1dB}$ label relaxation (1\,dB)","0.5\,dB",,0.2666666666666666,0.4523474460344496,0.3618625562844663,7,1,984.6264620478896,0.6,47.04537081718445
1010,5,"$OP_{1dB}$ label relaxation (1\,dB)","2\,dB",,0.2,0.377700837691904,0.4717201805985496,5,1,1011.5885160815726,0.7333333333333333,50.31877875328064
1010,6,"Ensemble sizes (5, 10, 15)",5,,0.4666666666666667,0.4459648566498427,0.5082357563472435,1,3,938.4165477587712,0.4666666666666667,8.408506155014038
1010,7,"Ensemble sizes (5, 10, 15)",15,,0.8666666666666667,0.5376899524045112,0.4403471085282351,3,3,1015.3423151173068,0.6,20.76263785362244
1010,8,"Ensemble sizes (5, 10, 15)","10, 20, 30",,0.8666666666666667,0.5429769558352947,0.4247408673033462,5,1,1011.5885160815726,0.6666666666666666,83.69512224197388
1010,9,Efficiency weight exponent (1),0,,0.2,0.5894362225445585,0.557421995041049,3,6,1250.0926210210137,1.0,49.28022146224976
1010,10,Efficiency weight exponent (1),2,,0.6,0.4457682555242955,0.573434242077972,3,1,876.6139127523189,0.3333333333333333,45.77055096626282
