arm,seed,budget,n_feas,P1_hv3_K,P2_hv3_slack,S1_hv2_pae_K,P4_frontier_mean,S5_bestpae_K10,S6_bestpae_K12,S7_bestpae_K15,S8_bestpae_K20,S2_mhv_K10,P3_mhv_K12,S3_mhv_K15,S4_mhv_K20,S9_nd_pae_K,S10_nd_pae_psat_K,P5_eps,S11_coverage,S12_n_pae30_K10,S13_n_pae30_K12,S14_n_pae30_K15,S15_n_pae35_K10,S16_n_pae35_K12,S17_n_pae35_K15,S18_n_op158_K10,S19_n_op158_K12,S20_n_op158_K15,S21_n_op158_K20
fa15qc,101,181,49,752.8076202543577,64.12595902642978,492.0412319845242,31.10613849211677,36.841204594574826,32.72532704849452,27.42901116269887,27.42901116269887,55.36128190809029,49.36546447709656,42.540425266094445,42.540425266094445,20,25,0.2537383212602927,0.0,9,1,0,4,0,0,12,7,6,5
fa15qc,202,181,26,875.4850781398557,87.80685829636245,502.86700941048906,32.246190036317834,37.22818040526625,30.841698107011133,30.841698107011133,30.07318352598281,59.66173067325137,55.006907104037936,55.006907104037936,53.92316577771092,9,17,0.24855763655846663,0.1,9,3,3,3,0,0,8,7,7,5
fa15qc,303,181,27,826.7935441843604,74.06500003331784,521.5291373207186,33.803188238014535,37.668061060488775,37.668061060488775,32.88336125400367,26.993269577076923,60.293949774028604,57.94864084091824,53.01329889436401,42.81931967323179,6,10,0.15087673658086836,0.3,12,2,1,7,1,0,13,7,6,4
fa15qc,404,181,34,724.7235479584324,63.38502193605685,490.947285248996,29.852947479590213,34.72815482861573,29.290551234271167,29.290551234271167,26.10253262120279,50.99841150013071,43.559246900640105,43.559246900640105,34.01598040698741,10,10,0.2083175441833922,0.06666666666666667,1,0,0,0,0,0,5,4,4,2
fa15qc,505,181,23,804.1417407310554,70.52801852576923,498.5256186287682,31.871319399502262,36.34436687002383,30.380303575995075,30.380303575995075,30.380303575995075,58.605267818556335,50.80496710710381,50.80496710710381,41.932839768411014,12,16,0.24924644896853754,0.1,11,1,1,4,0,0,10,7,7,4
fa15qc,606,181,37,899.5463367595526,94.83249593617084,516.1708677393026,32.66038706747602,35.53856266275275,33.122609928735315,33.122609928735315,28.85776574968072,62.881627637596495,56.95186284997902,56.95186284997902,37.047933904864344,11,14,0.19887922088874033,0.1,9,3,3,1,0,0,12,7,7,5
fa15qc,707,181,41,771.2185000064859,62.8092195413333,516.8901724395222,34.49876012156353,38.52334795120178,38.26557074427088,33.26005029982581,27.94607149095564,57.64591625598874,56.30428502115391,48.19890253932907,41.75119499152784,10,12,0.21678139931644091,0.36666666666666664,34,11,1,22,5,0,24,12,5,3
fa15qc,808,181,30,810.2908238882128,84.95759723191388,504.04322667829666,33.709662532255635,38.661874858880616,35.720754418732106,34.35348823020702,26.10253262120279,65.86253894007825,59.879471159984945,59.879471159984945,34.01598040698741,7,10,0.2113504844386792,0.26666666666666666,26,6,1,18,1,0,19,5,3,2
fa15qc,909,181,23,827.5136341001717,74.18487853042897,503.4182968096685,32.540877243964594,38.144735723649966,34.05906543285346,28.97985390967748,28.97985390967748,58.784597896947,58.784597896947,46.47316063662572,43.13413937961546,8,13,0.19913240377944907,0.1,5,1,0,2,0,0,8,8,7,5
fa15qc,1010,181,14,654.494412523524,41.24468806395702,489.083277985967,31.433086786698425,34.12434111034159,33.59194038997646,29.008032823237823,29.008032823237823,46.20393285521807,43.672707161766056,37.65188449766391,37.65188449766391,5,10,0.24869439430217055,0.0,4,2,0,0,0,0,6,5,4,4
qnc,101,181,30,711.311552426017,45.045458865692105,511.4271386742067,32.847959596245296,37.1710162928584,34.05914473546,34.05914473546,26.10253262120279,54.99508343162274,43.69337675301641,43.69337675301641,34.01598040698741,11,14,0.20964428505073374,0.1,11,1,1,8,0,0,11,3,3,2
qnc,202,181,14,617.9996314349046,33.88116442411764,470.1020909452508,30.872716412857798,37.02429405514987,34.26150635387575,26.10253262120279,26.10253262120279,47.34382059460547,41.97747704222379,34.01598040698741,34.01598040698741,7,10,0.30035473411142055,0.0,10,2,0,2,0,0,6,3,2,2
qnc,303,181,20,668.7903782442858,37.002612407211664,484.4979406334417,30.146294840313843,34.1900570594249,34.1900570594249,26.10253262120279,26.10253262120279,47.414553861023215,47.414553861023215,34.01598040698741,34.01598040698741,6,11,0.2633914215254055,0.16666666666666666,1,1,0,0,0,0,3,3,2,2
qnc,404,181,35,659.8360585958918,39.45156991589848,485.867641342234,30.122812491954242,35.315981461343426,32.97020326406798,26.10253262120279,26.10253262120279,47.6360508089936,34.01598040698741,34.01598040698741,34.01598040698741,13,23,0.2977984142405105,0.4,3,1,0,1,0,0,5,2,2,2
qnc,505,181,25,726.8937459084394,56.6384632936666,483.69834864459546,29.633899689677236,40.228000895100585,26.10253262120279,26.10253262120279,26.10253262120279,66.71313749683347,34.01598040698741,34.01598040698741,34.01598040698741,5,8,0.31193710905668126,0.26666666666666666,4,0,0,3,0,0,5,2,2,2
qnc,606,181,34,735.6503630605282,47.18494844938152,500.5082088128946,31.76447448316494,39.46925736332484,35.38357532692933,26.10253262120279,26.10253262120279,62.70104710204443,50.62013499204438,34.01598040698741,34.01598040698741,9,12,0.20038426747877108,0.2,23,2,0,15,1,0,12,3,2,2
qnc,707,181,37,676.1509258541969,37.54200455358655,489.0475236740888,29.16929394712094,38.3695779248754,26.10253262120279,26.10253262120279,26.10253262120279,58.0151312028036,34.01598040698741,34.01598040698741,34.01598040698741,16,23,0.31193710905668126,0.5,6,0,0,3,0,0,4,2,2,2
qnc,808,181,28,744.3569508618536,48.21089327432722,499.33018043052215,30.999111895989472,37.93762022579119,33.85376211576113,26.10253262120279,26.10253262120279,59.52982631567684,55.77223633047425,34.01598040698741,34.01598040698741,10,14,0.18723062310061112,0.13333333333333333,9,3,0,5,0,0,7,4,2,2
qnc,909,181,25,646.0599934368425,38.01787979780868,468.8336824183473,28.82768390667193,37.00313776307935,26.10253262120279,26.10253262120279,26.10253262120279,46.14108078057946,34.01598040698741,34.01598040698741,34.01598040698741,10,14,0.31193710905668126,0.3333333333333333,1,0,0,1,0,0,3,2,2,2
qnc,1010,181,25,655.9568944644549,35.74721540303596,481.30190520920934,31.325237932981544,37.32657092129558,35.76931556822504,26.10253262120279,26.10253262120279,50.478684060644255,50.478684060644255,34.01598040698741,34.01598040698741,11,13,0.23644462844884562,0.0,20,4,0,15,1,0,7,5,2,2
fa15q,101,181,9,738.2901009030463,62.858493896355554,479.37105135707037,31.257436480204547,36.19819675002584,33.9735268453946,27.42901116269887,27.42901116269887,53.061675480624146,53.061675480624146,42.540425266094445,42.540425266094445,7,8,0.2670044492171434,0.0,2,1,0,1,0,0,7,7,6,5
fa15q,202,181,33,937.7158951097103,96.92366930270784,536.8799040545448,35.21997610498246,39.28136307656039,38.27105221291716,33.25430560446948,30.07318352598281,67.73487604137286,67.16793546422798,55.00690710403793,53.92316577771092,14,16,0.1870635943725616,0.6,25,18,4,18,12,0,23,18,7,5
fa15q,303,181,16,781.6315117627055,68.77002930734149,494.0387291024402,31.41083833477198,32.88336125400367,32.88336125400367,32.88336125400367,26.993269577076923,53.01329889436401,53.01329889436401,53.01329889436401,42.81931967323179,7,10,0.21623983725012175,0.0,2,1,1,0,0,0,6,6,6,4
fa15q,404,181,21,708.1641823578962,63.30583744575411,484.2577353448636,28.493546581004075,29.290551234271167,29.290551234271167,29.290551234271167,26.10253262120279,43.559246900640105,43.559246900640105,43.559246900640105,34.01598040698741,9,9,0.27502931431256483,0.0,0,0,0,0,0,0,4,4,4,2
fa15q,505,181,27,802.3904963288321,70.13826603012264,501.2913309187724,31.52019854023726,34.93988343296382,30.380303575995075,30.380303575995075,30.380303575995075,50.80496710710381,50.80496710710381,50.80496710710381,41.932839768410915,11,18,0.23478707207539096,0.1,3,1,1,0,0,0,7,7,7,4
fa15q,606,181,21,881.3401912961839,94.10672760865239,504.260467050228,31.959224130408025,36.551621044183634,31.213754863883885,31.213754863883885,28.857765749680716,64.56242593139119,56.95186284997902,56.95186284997902,37.04793390486434,13,15,0.20149094195417172,0.03333333333333333,3,2,2,1,0,0,8,7,7,5
fa15q,707,181,28,793.787049995296,69.46880344454263,506.9717404932848,33.135645178462795,39.85102008897529,36.79941764296461,27.94607149095564,27.94607149095564,61.90471208389751,60.79111551714934,41.75119499152784,41.75119499152784,10,12,0.21249930083870217,0.3,20,2,0,16,2,0,13,6,4,3
fa15q,808,181,7,803.7416353717747,83.22681589224258,501.497810199391,32.47279901531536,35.081686979644594,34.35348823020702,34.35348823020702,26.10253262120279,60.09965326265888,59.879471159984945,59.879471159984945,34.01598040698741,5,5,0.18579786971584267,0.4,4,2,1,1,0,0,4,3,3,2
fa15q,909,181,21,805.7100684364779,71.9987322488775,503.29859032278506,30.624065394169687,35.55669984764632,28.979853909677477,28.979853909677477,28.979853909677477,58.13425667234323,46.47316063662572,46.47316063662572,43.13413937961546,10,11,0.21067207135435867,0.36666666666666664,2,0,0,1,0,0,8,7,7,5
fa15q,1010,181,8,636.4851574109481,38.30650903553027,477.20195861636,29.008032823237823,29.008032823237823,29.008032823237823,29.008032823237823,29.008032823237823,37.65188449766391,37.65188449766391,37.65188449766391,37.65188449766391,4,6,0.2760646231813515,0.0,0,0,0,0,0,0,4,4,4,4
qnm,101,181,13,632.6117794902086,35.249145037013356,477.2494471495575,28.644386200387885,36.26994693794317,26.10253262120279,26.10253262120279,26.10253262120279,34.01598040698741,34.01598040698741,34.01598040698741,34.01598040698741,10,11,0.31193710905668126,0.4,1,0,0,1,0,0,2,2,2,2
qnm,202,181,7,687.2253764760965,46.02424229069307,485.9724524079288,31.578546988328775,40.31827426133368,33.79084844957585,26.10253262120279,26.10253262120279,61.78124905179645,44.404644787885424,34.01598040698741,34.01598040698741,5,5,0.2945639782231887,0.23333333333333334,3,1,0,2,0,0,5,3,2,2
qnm,303,181,21,614.5468723073948,33.129411073604324,466.9493964202388,28.310832610533424,34.93573257852533,26.10253262120279,26.10253262120279,26.10253262120279,46.86317346870555,34.01598040698741,34.01598040698741,34.01598040698741,6,9,0.31193710905668126,0.0,6,0,0,0,0,0,5,2,2,2
qnm,404,181,6,592.4177605760362,32.622300780196404,446.75133842252484,26.10253262120279,26.10253262120279,26.10253262120279,26.10253262120279,26.10253262120279,34.01598040698741,34.01598040698741,34.01598040698741,34.01598040698741,5,6,0.3234767766315907,0.0,0,0,0,0,0,0,2,2,2,2
qnm,505,181,16,655.6486297828633,44.82831155971608,470.75924876870977,28.636114883646187,36.23686167097637,26.10253262120279,26.10253262120279,26.10253262120279,53.20162845769299,34.01598040698741,34.01598040698741,34.01598040698741,7,10,0.31193710905668126,0.0,8,0,0,5,0,0,4,2,2,2
qnm,606,181,11,605.5318049192663,32.12296276744445,465.64250384204763,28.563934025246937,35.948138237379375,26.10253262120279,26.10253262120279,26.10253262120279,34.01598040698741,34.01598040698741,34.01598040698741,34.01598040698741,8,10,0.31193710905668126,0.0,2,0,0,1,0,0,2,2,2,2
qnm,707,181,20,643.7653369113902,39.60707288337333,464.91391994266337,30.820210141637993,36.28003324260571,34.795742081540695,26.10253262120279,26.10253262120279,52.690266305670264,45.542209487000946,34.01598040698741,34.01598040698741,6,11,0.311846403322042,0.0,15,1,0,9,0,0,11,3,2,2
qnm,808,181,20,657.3158711672461,43.811402408180435,464.8896048730222,28.635311058783905,36.233646371527264,26.10253262120279,26.10253262120279,26.10253262120279,48.93384322783315,34.01598040698741,34.01598040698741,34.01598040698741,9,12,0.31193710905668126,0.0,4,0,0,3,0,0,3,2,2,2
qnm,909,181,11,675.87240490943,46.01666567798331,466.8807232525802,26.10253262120279,26.10253262120279,26.10253262120279,26.10253262120279,26.10253262120279,34.01598040698741,34.01598040698741,34.01598040698741,34.01598040698741,7,7,0.3234767766315907,0.3333333333333333,0,0,0,0,0,0,2,2,2,2
qnm,1010,181,13,667.963904384052,39.95011372242351,477.5566976557443,28.601466506086105,36.09826816073604,26.10253262120279,26.10253262120279,26.10253262120279,34.01598040698741,34.01598040698741,34.01598040698741,34.01598040698741,11,11,0.31193710905668126,0.23333333333333334,1,0,0,1,0,0,2,2,2,2
qn,101,181,25,722.3838876720044,63.14441185238851,484.4997167707195,30.039047974586246,36.10906962462485,31.842057031314557,26.10253262120279,26.10253262120279,59.85956135558695,42.58211412398767,34.01598040698741,34.01598040698741,8,8,0.2866606491237327,0.06666666666666667,3,1,0,1,0,0,5,3,2,2
qn,202,181,17,632.2811942474762,35.3038255026218,470.2469335984422,28.675074548332,36.39270032971963,26.10253262120279,26.10253262120279,26.10253262120279,34.01598040698741,34.01598040698741,34.01598040698741,34.01598040698741,7,7,0.31193710905668126,0.03333333333333333,1,0,0,1,0,0,2,2,2,2
qn,303,181,11,624.6970881232397,36.85488848915436,466.19924949151243,28.54157015118077,35.85868274111471,26.10253262120279,26.10253262120279,26.10253262120279,46.320145285497134,34.01598040698741,34.01598040698741,34.01598040698741,4,8,0.31193710905668126,0.0,4,0,0,3,0,0,3,2,2,2
qn,404,181,7,612.9429921151157,38.50362155653497,446.13745124892864,27.841819679150206,33.05968085299245,26.10253262120279,26.10253262120279,26.10253262120279,48.56810425421978,34.01598040698741,34.01598040698741,34.01598040698741,5,6,0.32323561185413807,0.0,1,0,0,0,0,0,3,2,2,2
qn,505,181,29,630.1468217487602,41.453577251212906,460.08846247589224,26.10253262120279,26.10253262120279,26.10253262120279,26.10253262120279,26.10253262120279,34.01598040698741,34.01598040698741,34.01598040698741,34.01598040698741,7,17,0.33236533136908686,0.4,0,0,0,0,0,0,2,2,2,2
qn,606,181,3,592.0161278158746,31.235387848546008,451.3938659203567,28.260938168247883,34.73615480938316,26.10253262120279,26.10253262120279,26.10253262120279,45.811425884221094,34.01598040698741,34.01598040698741,34.01598040698741,3,3,0.365257416889465,0.0,1,0,0,0,0,0,3,2,2,2
qn,707,181,22,654.0420611128154,40.02264079226962,483.68640168257116,30.27657793010436,35.079626518644986,33.82161995936689,26.10253262120279,26.10253262120279,46.077431552841645,34.01598040698741,34.01598040698741,34.01598040698741,12,18,0.31193710905668126,0.4,2,1,0,1,0,0,3,2,2,2
qn,808,181,8,665.9857501296348,53.44129093000359,456.87110937713686,28.837401372221123,37.04200762527613,26.10253262120279,26.10253262120279,26.10253262120279,59.14437719731143,34.01598040698741,34.01598040698741,34.01598040698741,5,5,0.31193710905668126,0.0,4,0,0,2,0,0,4,2,2,2
qn,909,181,13,641.7286462465732,36.20778221192891,488.46410028014316,29.431972284757975,33.3412683475084,29.14204408516036,29.14204408516036,26.10253262120279,42.32480952003138,37.09329664526083,37.09329664526083,34.01598040698741,7,7,0.20859312855174228,0.16666666666666666,1,0,0,0,0,0,4,3,3,2
qn,1010,181,22,660.96659779891,41.68439581306433,484.82890598540314,28.36986727620802,35.171871241223705,26.10253262120279,26.10253262120279,26.10253262120279,34.01598040698741,34.01598040698741,34.01598040698741,34.01598040698741,8,13,0.31193710905668126,0.4,1,0,0,1,0,0,2,2,2,2
fa15qc,101,141,15,732.7260272714047,60.934666146137516,478.16994221030825,31.10613849211677,36.841204594574826,32.72532704849452,27.42901116269887,27.42901116269887,55.36128190809029,49.36546447709656,42.540425266094445,42.540425266094445,9,10,0.2632805852785919,0.0,6,1,0,4,0,0,10,7,6,5
fa15qc,202,141,15,863.7673023256835,84.61378735457643,498.68166338588503,31.514123731412084,34.299915185643265,30.841698107011133,30.841698107011133,30.07318352598281,55.006907104037936,55.006907104037936,55.006907104037936,53.92316577771092,9,11,0.23263218568849142,0.15789473684210525,5,3,3,0,0,0,7,7,7,5
fa15qc,303,141,16,779.7651478531876,68.3000383482774,490.45273004806086,32.17777218324139,35.9510966478813,32.88336125400367,32.88336125400367,26.993269577076923,57.0001875357859,53.01329889436401,53.01329889436401,42.81931967323179,8,9,0.2693869515122216,0.0,5,1,1,1,0,0,9,6,6,4
fa15qc,404,141,11,693.8037707911859,60.59906477647738,475.11305988177,28.493546581004075,29.290551234271167,29.290551234271167,29.290551234271167,26.10253262120279,43.559246900640105,43.559246900640105,43.559246900640105,34.01598040698741,9,9,0.2808580591983707,0.0,0,0,0,0,0,0,4,4,4,2
fa15qc,505,141,15,792.5320997039681,68.01703361627175,492.11303060178005,31.69488174570124,35.63861625481975,30.380303575995075,30.380303575995075,30.380303575995075,54.51915081345416,50.80496710710381,50.80496710710381,41.932839768411014,9,13,0.28660708978607263,0.15789473684210525,7,1,1,2,0,0,8,7,7,4
fa15qc,606,141,13,882.9927592996407,93.99602562847173,502.1995727594849,31.38587361389222,34.25821897812038,31.213754863883885,31.213754863883885,28.85776574968072,56.95186284997902,56.95186284997902,56.95186284997902,37.047933904864344,8,9,0.20386137366243595,0.10526315789473684,3,2,2,0,0,0,7,7,7,5
fa15qc,707,141,20,767.293320006678,62.7198367126013,513.4935638903746,33.127082362515864,38.35061572388132,38.26557074427088,27.94607149095564,27.94607149095564,57.64591625598874,56.30428502115391,41.75119499152784,41.75119499152784,9,10,0.20709795406583198,0.3157894736842105,14,7,0,9,4,0,15,11,4,3
fa15qc,808,141,13,795.9246872148533,82.06173391965771,497.20925183457325,33.17283511005353,37.881831358597296,34.35348823020702,34.35348823020702,26.10253262120279,64.02300910754725,59.879471159984945,59.879471159984945,34.01598040698741,5,7,0.22586603551189566,0.10526315789473684,9,2,1,7,0,0,6,3,3,2
fa15qc,909,141,16,817.1689659306114,70.8833531384759,501.9266744202786,32.540877243964594,38.144735723649966,34.05906543285346,28.97985390967748,28.97985390967748,58.784597896947,58.784597896947,46.47316063662572,43.13413937961546,8,14,0.20335265202109143,0.05263157894736842,5,1,0,2,0,0,8,8,7,5
fa15qc,1010,141,6,593.0346677626362,34.400444642219334,459.5464203019578,29.008032823237823,29.008032823237823,29.008032823237823,29.008032823237823,29.008032823237823,37.65188449766391,37.65188449766391,37.65188449766391,37.65188449766391,3,5,0.3207153714376013,0.0,0,0,0,0,0,0,4,4,4,4
qnc,101,141,13,676.1380877989159,37.06698390543111,505.31239270151696,32.624161004190704,36.275821924640034,34.05914473546,34.05914473546,26.10253262120279,47.20895425745857,43.69337675301641,43.69337675301641,34.01598040698741,6,8,0.22103304647217148,0.15789473684210525,4,1,1,2,0,0,6,3,3,2
qnc,202,141,9,583.0420721739658,29.75495713174827,451.1699093387494,30.18201948753927,34.26150635387575,34.26150635387575,26.10253262120279,26.10253262120279,43.89271374888483,41.97747704222379,34.01598040698741,34.01598040698741,4,7,0.37080805914075055,0.0,6,2,0,0,0,0,5,3,2,2
qnc,303,141,11,611.295865222969,34.09614691992961,454.40384492772006,26.10253262120279,26.10253262120279,26.10253262120279,26.10253262120279,26.10253262120279,34.01598040698741,34.01598040698741,34.01598040698741,34.01598040698741,5,8,0.33033227715225727,0.15789473684210525,0,0,0,0,0,0,2,2,2,2
qnc,404,141,13,658.7688195014778,39.26822293237344,485.3682022089484,30.122812491954242,35.315981461343426,32.97020326406798,26.10253262120279,26.10253262120279,47.6360508089936,34.01598040698741,34.01598040698741,34.01598040698741,8,9,0.2977984142405105,0.3684210526315789,3,1,0,1,0,0,5,2,2,2
qnc,505,141,15,719.8537053045088,55.76954436448273,479.7035118844416,28.452731999566545,35.503330134657816,26.10253262120279,26.10253262120279,26.10253262120279,59.605214034208224,34.01598040698741,34.01598040698741,34.01598040698741,6,6,0.318548047362119,0.21052631578947367,3,0,0,2,0,0,4,2,2,2
qnc,606,141,18,735.3746646309071,47.18494844938153,500.456720274493,31.76447448316494,39.46925736332484,35.38357532692933,26.10253262120279,26.10253262120279,62.70104710204443,50.62013499204438,34.01598040698741,34.01598040698741,8,10,0.20463104668913362,0.21052631578947367,13,1,0,9,1,0,6,3,2,2
qnc,707,141,18,644.2026731304228,34.70830999317437,481.4487470276262,28.699125524684014,36.48890423512769,26.10253262120279,26.10253262120279,26.10253262120279,43.7856554261922,34.01598040698741,34.01598040698741,34.01598040698741,9,13,0.318548047362119,0.2631578947368421,5,0,0,2,0,0,3,2,2,2
qnc,808,141,15,719.047370624211,46.194385537816814,479.3616158746242,30.999111895989472,37.93762022579119,33.85376211576113,26.10253262120279,26.10253262120279,59.52982631567684,55.77223633047425,34.01598040698741,34.01598040698741,6,6,0.2579528652123595,0.0,5,1,0,3,0,0,5,3,2,2
qnc,909,141,15,644.6689489531827,37.96856900100096,468.15471143152087,26.778688167689467,28.807154807149495,26.10253262120279,26.10253262120279,26.10253262120279,34.01598040698741,34.01598040698741,34.01598040698741,34.01598040698741,8,10,0.318548047362119,0.3157894736842105,0,0,0,0,0,0,2,2,2,2
qnc,1010,141,14,632.0896403548259,32.429237308888545,475.88674398609874,31.008019235651318,37.32657092129558,34.500440778904114,26.10253262120279,26.10253262120279,47.549749974152604,45.99879633092221,34.01598040698741,34.01598040698741,8,13,0.24809624172779976,0.0,11,3,0,7,0,0,6,4,2,2
fa15q,101,141,9,738.2901009030463,62.858493896355554,479.37105135707037,31.257436480204547,36.19819675002584,33.9735268453946,27.42901116269887,27.42901116269887,53.061675480624146,53.061675480624146,42.540425266094445,42.540425266094445,7,8,0.2654416318182246,0.0,2,1,0,1,0,0,7,7,6,5
fa15q,202,141,17,906.4214358691337,88.1035954664613,532.6560107026087,34.56187606235391,39.28136307656039,35.63865204240298,33.25430560446948,30.07318352598281,61.46502547026338,61.46502547026338,55.00690710403793,53.92316577771092,8,11,0.16983488939385782,0.5789473684210527,10,8,4,3,2,0,9,8,7,5
fa15q,303,141,10,773.9328175076062,67.45555055531271,488.4198219458069,31.41083833477198,32.88336125400367,32.88336125400367,32.88336125400367,26.993269577076923,53.01329889436401,53.01329889436401,53.01329889436401,42.81931967323179,5,6,0.23200036798429002,0.0,1,1,1,0,0,0,6,6,6,4
fa15q,404,141,10,690.6655689100463,60.4120641200776,471.9221520352976,28.493546581004075,29.290551234271167,29.290551234271167,29.290551234271167,26.10253262120279,43.559246900640105,43.559246900640105,43.559246900640105,34.01598040698741,6,6,0.277396900608355,0.0,0,0,0,0,0,0,4,4,4,2
fa15q,505,141,15,800.1501563540606,68.74247205622497,501.17873306192917,31.52019854023726,34.93988343296382,30.380303575995075,30.380303575995075,30.380303575995075,50.80496710710381,50.80496710710381,50.80496710710381,41.932839768410915,9,13,0.21856977919757004,0.15789473684210525,2,1,1,0,0,0,7,7,7,4
fa15q,606,141,8,865.290221194858,92.84599850843293,491.56003594775615,30.624757585333093,31.213754863883885,31.213754863883885,31.213754863883885,28.857765749680716,56.95186284997902,56.95186284997902,56.95186284997902,37.04793390486434,7,8,0.2650943663139521,0.05263157894736842,2,2,2,0,0,0,7,7,7,5
fa15q,707,141,14,751.4068577309602,66.39106964848288,495.05300221016296,30.83136064370244,39.48722810194286,27.94607149095564,27.94607149095564,27.94607149095564,58.680730562049575,41.75119499152784,41.75119499152784,41.75119499152784,7,8,0.24474079136384658,0.15789473684210525,8,0,0,5,0,0,8,4,4,3
fa15q,808,141,6,774.312448251348,80.28439961649879,478.74937933428276,32.47279901531536,35.081686979644594,34.35348823020702,34.35348823020702,26.10253262120279,60.09965326265888,59.879471159984945,59.879471159984945,34.01598040698741,4,4,0.33797160399236525,0.10526315789473684,4,2,1,1,0,0,4,3,3,2
fa15q,909,141,12,775.872075981306,67.57794327820173,485.8266484857863,30.624065394169687,35.55669984764632,28.979853909677477,28.979853909677477,28.979853909677477,58.13425667234323,46.47316063662572,46.47316063662572,43.13413937961546,9,10,0.21513688181122986,0.0,2,0,0,1,0,0,8,7,7,5
fa15q,1010,141,8,636.4851574109481,38.30650903553027,477.20195861636,29.008032823237823,29.008032823237823,29.008032823237823,29.008032823237823,29.008032823237823,37.65188449766391,37.65188449766391,37.65188449766391,37.65188449766391,4,6,0.2760646231813515,0.0,0,0,0,0,0,0,4,4,4,4
qnm,101,141,8,622.2569290950044,34.839530010482896,468.6949510740936,28.644386200387885,36.26994693794317,26.10253262120279,26.10253262120279,26.10253262120279,34.01598040698741,34.01598040698741,34.01598040698741,34.01598040698741,6,6,0.318548047362119,0.10526315789473684,1,0,0,1,0,0,2,2,2,2
qnm,202,141,6,678.8233462538424,44.98279965008264,480.38664647592793,31.307007669354434,39.23211698543633,33.79084844957585,26.10253262120279,26.10253262120279,60.147478317670426,44.404644787885424,34.01598040698741,34.01598040698741,4,4,0.2945639782231887,0.15789473684210525,2,1,0,1,0,0,4,3,2,2
qnm,303,141,11,614.3831201140396,33.12794598647935,466.81456985184354,28.27578495618966,34.795541961150285,26.10253262120279,26.10253262120279,26.10253262120279,46.86317346870555,34.01598040698741,34.01598040698741,34.01598040698741,5,6,0.318548047362119,0.05263157894736842,3,0,0,0,0,0,4,2,2,2
qnm,404,141,5,581.3611603662642,30.62721466889031,440.49373950706763,26.10253262120279,26.10253262120279,26.10253262120279,26.10253262120279,26.10253262120279,34.01598040698741,34.01598040698741,34.01598040698741,34.01598040698741,4,5,0.33033227715225727,0.0,0,0,0,0,0,0,2,2,2,2
qnm,505,141,9,647.557611143855,44.334289068668085,464.30632564087773,28.445291832388556,35.47356946594584,26.10253262120279,26.10253262120279,26.10253262120279,53.20162845769299,34.01598040698741,34.01598040698741,34.01598040698741,5,7,0.318548047362119,0.0,5,0,0,2,0,0,4,2,2,2
qnm,606,141,8,599.4258076572214,31.94858841233249,459.469669112273,28.563934025246937,35.948138237379375,26.10253262120279,26.10253262120279,26.10253262120279,34.01598040698741,34.01598040698741,34.01598040698741,34.01598040698741,7,8,0.318548047362119,0.0,2,0,0,1,0,0,2,2,2,2
qnm,707,141,8,604.6793771727914,32.37957618339907,463.56298223385005,30.820210141637993,36.28003324260571,34.795742081540695,26.10253262120279,26.10253262120279,45.542209487000946,45.542209487000946,34.01598040698741,34.01598040698741,5,5,0.311846403322042,0.0,5,1,0,3,0,0,3,3,2,2
qnm,808,141,8,631.8938302173615,41.75200586478096,453.2531216049133,28.43341185124003,35.426049541351766,26.10253262120279,26.10253262120279,26.10253262120279,34.01598040698741,34.01598040698741,34.01598040698741,34.01598040698741,6,8,0.318548047362119,0.0,1,0,0,1,0,0,2,2,2,2
qnm,909,141,9,675.528712204163,46.01666567798332,466.5646656537933,26.10253262120279,26.10253262120279,26.10253262120279,26.10253262120279,26.10253262120279,34.01598040698741,34.01598040698741,34.01598040698741,34.01598040698741,6,6,0.33033227715225727,0.3157894736842105,0,0,0,0,0,0,2,2,2,2
qnm,1010,141,8,653.9271296625462,38.15968407575738,475.28096173213663,28.601466506086105,36.09826816073604,26.10253262120279,26.10253262120279,26.10253262120279,34.01598040698741,34.01598040698741,34.01598040698741,34.01598040698741,8,8,0.318548047362119,0.21052631578947367,1,0,0,1,0,0,2,2,2,2
qn,101,141,7,701.4552253751078,62.00797153409369,470.88569445314414,27.840421004739333,33.054086155348976,26.10253262120279,26.10253262120279,26.10253262120279,55.105437756174595,34.01598040698741,34.01598040698741,34.01598040698741,4,4,0.318548047362119,0.15789473684210525,1,0,0,0,0,0,3,2,2,2
qn,202,141,8,596.151753458611,28.18368208344015,468.28269142525767,28.675074548332,36.39270032971963,26.10253262120279,26.10253262120279,26.10253262120279,34.01598040698741,34.01598040698741,34.01598040698741,34.01598040698741,5,5,0.318548047362119,0.05263157894736842,1,0,0,1,0,0,2,2,2,2
qn,303,141,10,611.2391124442108,32.64412337324549,466.19924949151243,28.54157015118077,35.85868274111471,26.10253262120279,26.10253262120279,26.10253262120279,46.320145285497134,34.01598040698741,34.01598040698741,34.01598040698741,4,7,0.318548047362119,0.0,4,0,0,3,0,0,3,2,2,2
qn,404,141,7,612.9429921151157,38.50362155653497,446.13745124892864,27.841819679150206,33.05968085299245,26.10253262120279,26.10253262120279,26.10253262120279,48.56810425421978,34.01598040698741,34.01598040698741,34.01598040698741,5,6,0.318548047362119,0.0,1,0,0,0,0,0,3,2,2,2
qn,505,141,5,603.1445623079378,39.15636650256585,446.28021845657895,26.10253262120279,26.10253262120279,26.10253262120279,26.10253262120279,26.10253262120279,34.01598040698741,34.01598040698741,34.01598040698741,34.01598040698741,5,5,0.38040602879675983,0.2631578947368421,0,0,0,0,0,0,2,2,2,2
qn,606,141,3,592.0161278158746,31.235387848546008,451.3938659203567,28.260938168247883,34.73615480938316,26.10253262120279,26.10253262120279,26.10253262120279,45.811425884221094,34.01598040698741,34.01598040698741,34.01598040698741,3,3,0.35180520509758284,0.0,1,0,0,0,0,0,3,2,2,2
qn,707,141,6,599.4764696729537,32.64579935039526,464.4861217913488,30.27657793010436,35.079626518644986,33.82161995936689,26.10253262120279,26.10253262120279,46.077431552841645,34.01598040698741,34.01598040698741,34.01598040698741,5,5,0.318548047362119,0.0,2,1,0,1,0,0,3,2,2,2
qn,808,141,8,665.9857501296348,53.44129093000359,456.87110937713686,28.837401372221123,37.04200762527613,26.10253262120279,26.10253262120279,26.10253262120279,59.14437719731143,34.01598040698741,34.01598040698741,34.01598040698741,5,5,0.318548047362119,0.0,4,0,0,2,0,0,4,2,2,2
qn,909,141,9,606.7651083059055,35.27369120323508,460.0150854880469,27.912216552779192,33.3412683475084,26.10253262120279,26.10253262120279,26.10253262120279,42.32480952003138,34.01598040698741,34.01598040698741,34.01598040698741,4,4,0.318548047362119,0.15789473684210525,1,0,0,0,0,0,3,2,2,2
qn,1010,141,9,619.7155044193141,36.354399402908406,466.6778275854583,28.36986727620802,35.171871241223705,26.10253262120279,26.10253262120279,26.10253262120279,34.01598040698741,34.01598040698741,34.01598040698741,34.01598040698741,6,6,0.318548047362119,0.0,1,0,0,1,0,0,2,2,2,2
