method,sim_index,Lx_id,Ldc3_id,M3_width,CB,Cs,Cm,phase,PAE_percent,Psat_dBm,OP1dB_dBm,Gain_dB,PDC_total_mW,VDS_peak_M3_V,minKf,HB_converged_flag,VDS_min_M3_V,feasible,cum_feasible,cum_hv
FA15Q-seed404,1,Lx_10,Ldc3_1,999.3049733,17.457,18.183,33.588,lhs,24.84952147381661,18.964651936726227,15.933430771760753,37.51616145705611,315.0472786338099,3.1242628737668308,25.76136786638142,1.0,0.1190562441503703,True,1,471.2625255451361
FA15Q-seed404,2,Lx_6,Ldc3_1,1157.580073,4.096,22.162,22.385,lhs,26.22362924675692,18.11545037579507,15.069775876327151,35.222618361342995,245.88244551244912,3.54238139662106,15.674018579767424,1.0,0.1115287288835406,False,1,471.2625255451361
FA15Q-seed404,3,Lx_11,Ldc3_6,707.5621491,11.847,6.739,9.418,lhs,15.86341856924145,13.170785719309489,9.08526320537086,33.96638402530192,99.22840409687488,3.791303380505063,9.753531005151483,1.0,0.0176962619276514,False,1,471.2625255451361
FA15Q-seed404,4,Lx_13,Ldc3_10,1012.748238,29.727,5.748,32.936,lhs,2.2697339140537056,7.078572379527031,2.338367269029093,26.215461167184515,210.9121399145513,2.9773969090714427,27.0260250026254,1.0,0.0639407013746135,False,1,471.2625255451361
FA15Q-seed404,5,Lx_10,Ldc3_8,1219.412986,26.946,30.635,31.988,lhs,12.999878932956165,14.825141159031666,10.043545013848584,32.53609613094383,231.2223103629045,2.8698350750964248,44.71360477262649,1.0,0.0399620277312504,False,1,471.2625255451361
FA15Q-seed404,6,Lx_13,Ldc3_8,797.9147177,30.681,25.324,22.296,lhs,18.61903653215647,14.344071447917251,9.866223920966748,35.222535882848945,143.8944686392943,3.0719700096507374,21.19203596733545,1.0,-0.0486244071270641,False,1,471.2625255451361
FA15Q-seed404,7,Lx_14,Ldc3_14,817.7477802,19.386,14.313,14.937,lhs,24.35157392662144,15.582522969131515,8.717808771082355,36.71485012389974,146.86476064653044,2.733065731298563,16.692288856615633,1.0,0.0158111867775475,False,1,471.2625255451361
FA15Q-seed404,8,Lx_12,Ldc3_3,929.0735373,13.262,32.018,11.042,lhs,31.733574025442834,17.164754140535727,13.3781290738647,36.26975329606488,161.5394015662308,3.5408567214498974,15.632113615413756,1.0,0.002699099635315,False,1,471.2625255451361
FA15Q-seed404,9,Lx_5,Ldc3_10,984.3205875,21.518,18.272,21.114,lhs,13.581587292711342,14.578110181531803,9.937029001289815,33.61925805506237,208.95266547863,3.0359895356640045,11.978866913052704,1.0,0.0606111797604707,False,1,471.2625255451361
FA15Q-seed404,10,Lx_1,Ldc3_16,989.062939,17.178,10.919,17.561,lhs,1.7337427796374556,4.749141338429233,4.030523695109433,20.46891127806138,149.19659852398257,2.190805664376397,25.519991463360284,1.0,0.0192574700169364,False,1,471.2625255451361
FA15Q-seed404,11,Lx_9,Ldc3_6,764.3824889,27.355,24.696,36.452,lhs,26.137678027076568,17.62865035262419,14.004558829445909,39.0677149948697,220.0913119845825,2.846483394105649,18.216801614886368,1.0,0.0499847355819358,False,1,471.2625255451361
FA15Q-seed404,12,Lx_14,Ldc3_12,1177.402766,11.14,27.718,8.961,lhs,12.641861239094592,13.531914190430758,4.363427916137806,31.26760011205753,175.89263067279026,2.916008962001525,31.83622391789464,1.0,0.0375472340704688,False,1,471.2625255451361
FA15Q-seed404,13,Lx_12,Ldc3_14,1279.626862,33.91,5.365,5.475,lhs,2.935898064098572,8.292454616127797,-1.5202226887722097,25.97638023483118,219.1106726193732,2.393105202157935,36.69654730041365,1.0,0.0508558631444398,False,1,471.2625255451361
FA15Q-seed404,14,Lx_6,Ldc3_5,757.3483933,30.35,13.044,37.603,lhs,7.443504236196063,11.772024686108276,8.467490363448112,32.30716044831873,197.7858912607028,3.242813954833044,9.912172530687094,1.0,0.062046808724431,False,1,471.2625255451361
FA15Q-seed404,15,Lx_3,Ldc3_12,1025.7769,2.492,26.863,35.11,lhs,16.17147998518476,14.95631947834394,7.766474309233669,33.584462647414945,191.63420449316328,2.9557473572268345,14.293859020435754,1.0,0.0160576347467285,False,1,471.2625255451361
FA15Q-seed404,16,Lx_2,Ldc3_11,848.3445998,6.358,10.583,24.186,lhs,3.078056434796037,7.072324978942785,1.4035410790988294,28.53691623031344,152.62647235087695,2.6715670884941503,10.033339248813869,1.0,0.0056910607277681,False,1,471.2625255451361
FA15Q-seed404,17,Lx_10,Ldc3_8,888.8447622,27.932,7.797,27.222,lhs,4.836554679781363,9.790217519870588,5.667088650466646,29.532177551345427,190.4705252330407,3.158124348558188,15.01633114284939,1.0,0.0516866834267372,False,1,471.2625255451361
FA15Q-seed404,18,Lx_4,Ldc3_14,1089.415994,3.051,9.38,14.787,lhs,3.0180871692079605,7.632179781624653,-1.6053490598194438,27.2135847539009,178.89108069058267,2.5826601175372983,15.776286231378355,1.0,0.0146309826807985,False,1,471.2625255451361
FA15Q-seed404,19,Lx_9,Ldc3_11,1072.283032,32.335,13.481,36.783,lhs,7.860200016374924,13.211006811321424,8.138503834039096,32.865871072973704,262.45836019095924,2.327223744185661,26.38036403782873,1.0,0.0974773310420112,False,1,471.2625255451361
FA15Q-seed404,20,Lx_7,Ldc3_8,1204.745475,9.77,10.255,6.507,lhs,9.122432728121971,12.881730339071272,7.7973380997336434,30.745114307420494,209.37798173098955,2.826907838191697,17.694641013213214,1.0,0.0330056455302333,False,1,471.2625255451361
FA15Q-seed404,21,Lx_16,Ldc3_17,748.2595563,9.547,12.978,19.812,lhs,26.72417899565983,14.543078466199688,5.769096214857635,36.09379882615319,104.63780293392914,2.953664504722667,20.06127163763937,1.0,9.009952478189476e-05,False,1,471.2625255451361
FA15Q-seed404,22,Lx_11,Ldc3_9,812.138221,10.452,23.091,10.145,lhs,38.060784858537794,17.220011879970592,12.419551647953323,37.58778508394761,137.69264820232468,3.2449758910684805,11.86316326212535,1.0,0.0188093866673962,False,1,471.2625255451361
FA15Q-seed404,23,Lx_8,Ldc3_16,783.4181409,26.313,7.202,16.076,lhs,3.1867888121928942,6.431242413390613,-0.0508642141399189,26.81786174614031,130.08345891754234,2.421779379683256,17.11586802244108,1.0,0.0243563480808176,False,1,471.2625255451361
FA15Q-seed404,24,Lx_9,Ldc3_12,1040.085387,12.403,5.468,8.566,lhs,5.241002852829347,8.812375648018842,0.0969136516022166,27.25864631805772,139.11832202255266,2.969797321222733,20.95819886369292,1.0,0.0079798126765968,False,1,471.2625255451361
FA15Q-seed404,25,Lx_6,Ldc3_17,689.0779584,21.033,7.063,28.133,lhs,2.4809103685936225,5.294435283964695,-1.729465958345687,27.1704463224805,126.28082212958232,3.0783521722921905,11.073912627456195,1.0,0.0062735101492166,False,1,471.2625255451361
FA15Q-seed404,26,Lx_13,Ldc3_7,773.5024058,20.703,11.509,19.411,lhs,28.781026773437507,17.35418448084298,13.769456897093129,38.19267205444546,187.5516619576523,2.9935501451211346,14.158375512659912,1.0,0.0526403019377679,False,1,471.2625255451361
FA15Q-seed404,27,Lx_7,Ldc3_4,1102.547234,28.634,21.659,18.309,lhs,21.835325884172548,17.462686249721358,14.2431146109779,35.29083483159995,253.8859360078399,3.08122377897717,16.252173606788595,1.0,0.1215156823126237,False,1,471.2625255451361
FA15Q-seed404,28,Lx_13,Ldc3_4,898.8489442,29.081,20.869,24.805,lhs,21.011497258583145,15.303222248250616,11.552945334114014,34.92481999070946,159.0004645685187,3.304067765153031,26.252780483156343,1.0,-0.0682713081653584,False,1,471.2625255451361
FA15Q-seed404,29,Lx_1,Ldc3_17,791.7381258,23.915,29.446,21.362,lhs,14.219744112800464,13.223817774971115,5.350469558642514,33.860854355638914,145.51338109817763,2.552166799681611,8.403057468951205,1.0,-0.0222510469516214,False,1,471.2625255451361
FA15Q-seed404,30,Lx_15,Ldc3_12,893.2153788,6.802,19.111,30.265,lhs,13.15864180669775,11.102131844539196,2.6944366536514663,30.565603402984248,95.54628195960822,3.4857954924265377,45.81923223574615,1.0,-0.0548473945164577,False,1,471.2625255451361
FA15Q-seed404,31,Lx_4,Ldc3_17,1180.679306,14.059,11.606,16.695,lhs,4.1411522374538885,8.677262917039418,-2.7304344539046133,25.95836996307063,168.4624387860369,2.2789937500408253,18.90965708199424,1.0,-0.0067593662498273,False,1,471.2625255451361
FA15Q-seed404,32,Lx_1,Ldc3_2,1243.220546,22.396,22.578,20.918,lhs,8.312908039030118,13.19081295873778,9.854332940894816,30.47662255935424,246.9963977247388,2.9989773569835627,12.203723097323063,1.0,0.0285211618370542,False,1,471.2625255451361
FA15Q-seed404,33,Lx_5,Ldc3_4,1131.81898,4.503,8.176,20.363,lhs,4.658711888060441,9.389918929708893,5.410450617178257,26.98050147974805,179.73239212099122,3.671969989663015,15.143479391152525,1.0,0.03411626635975,False,1,471.2625255451361
FA15Q-seed404,34,Lx_16,Ldc3_9,961.424609,22.489,16.035,36.251,lhs,5.395040825167447,8.910994828664077,3.421041093398653,28.063889476488605,138.384869019611,3.303413592682859,76.95467628145607,1.0,-0.0556529464700147,False,1,471.2625255451361
FA15Q-seed404,35,Lx_10,Ldc3_8,1080.756338,10.743,20.205,34.768,lhs,21.69386278118461,17.18616741194638,12.874146366949851,35.767564047646296,239.31076907822617,2.803914357603961,33.155354840120594,1.0,0.0570471723122294,False,1,471.2625255451361
FA15Q-seed404,36,Lx_13,Ldc3_16,1067.521436,5.903,28.443,6.129,lhs,16.013378849216824,12.804094037108053,12.516815291678942,23.68301866272968,117.12924915864689,2.7023978872286367,64.79044007826278,1.0,0.0251185969276459,False,1,471.2625255451361
FA15Q-seed404,37,Lx_2,Ldc3_7,646.8635997,33.553,17.543,5.874,lhs,13.388196601281832,13.683444941356049,10.406607590969012,36.083619012542215,172.5543001166272,2.9563663377990617,6.326703137228442,1.0,0.0431836763364869,False,1,471.2625255451361
FA15Q-seed404,38,Lx_16,Ldc3_4,881.3667441,8.104,25.163,5.171,lhs,12.915941005596082,14.531344300506996,10.330705872138552,33.993766419632635,142.36652238563775,3.8738015686551694,19.921623170712003,1.0,-0.100941452095737,False,1,471.2625255451361
FA15Q-seed404,39,Lx_4,Ldc3_8,703.1018266,22.026,25.76,35.417,lhs,13.86602939315058,14.841374126362066,11.442792105492192,36.20230307144849,217.5991877055292,3.030837097227835,7.911642038665736,1.0,0.0864572184514148,False,1,471.2625255451361
FA15Q-seed404,40,Lx_16,Ldc3_16,713.8087578,25.109,4.575,13.483,lhs,3.977569796013474,7.171559174720239,-3.288833285470624,29.45737646502442,127.0959290482208,2.392263413575613,21.87655486861422,1.0,0.0160297703396834,False,1,471.2625255451361
FA15Q-seed404,41,Lx_9,Ldc3_14,1188.911099,11.43,22.384,37.705,lhs,16.210780620018827,15.628999156898525,7.083599495711251,33.98500261707771,223.5230245036516,2.2308959685173857,45.09875317981869,1.0,0.0596856695063986,False,1,471.2625255451361
FA15Q-seed404,42,Lx_8,Ldc3_13,1162.405222,25.864,23.531,7.445,lhs,12.81942926589695,14.250361582465612,5.5679809093900525,32.597570943960775,205.10459264903704,2.5431753810991133,19.8945980521757,1.0,0.0670534746114246,False,1,471.2625255451361
FA15Q-seed404,43,Lx_1,Ldc3_17,977.6853609,26.401,11.013,20.284,lhs,1.6689840706541872,5.424229001089184,-3.856112267061728,26.248038591042977,185.0622583959208,2.323776740084816,15.068138586499558,1.0,0.0210856250664318,False,1,471.2625255451361
FA15Q-seed404,44,Lx_5,Ldc3_6,1144.664491,8.456,18.99,32.511,lhs,14.859198742229887,15.65718687455905,12.13305654754651,33.03359134623516,245.45624930762096,3.3080927552891173,16.319213922471736,1.0,0.0893568570983524,False,1,471.2625255451361
FA15Q-seed404,45,Lx_3,Ldc3_5,663.7777915,7.391,27.457,30.853,lhs,27.71070554943599,17.01235959857513,13.430629614125232,38.100888293574,163.29316159257405,3.297612834723012,6.972930056297091,1.0,0.0207455390750427,False,1,471.2625255451361
FA15Q-seed404,46,Lx_7,Ldc3_13,1062.058356,27.091,31.643,12.366,lhs,16.185840137984016,15.22652184838748,7.609391835719995,34.51171890542318,203.88018579469303,2.4688265615216425,18.13094169258186,1.0,0.075729210835279,False,1,471.2625255451361
FA15Q-seed404,47,Lx_3,Ldc3_9,832.7999684,15.168,4.277,17.198,lhs,1.415585617504932,3.3673818134188327,-1.5915214791527816,23.67852353888002,131.05275658242363,3.503550510072146,22.74295023800153,1.0,0.0040410506898018,False,1,471.2625255451361
FA15Q-seed404,48,Lx_9,Ldc3_3,802.744111,5.387,31.536,31.073,lhs,20.19846502899188,17.849350607545247,14.09054707775133,38.98819291084168,300.4851476751979,3.975561074959415,17.29524546162762,1.0,0.0879126956421527,False,1,471.2625255451361
FA15Q-seed404,49,Lx_12,Ldc3_2,871.4658653,19.263,29.832,4.646,lhs,23.296251291744824,16.19543501915312,12.453365806588,35.80682223676761,157.24105291258556,3.592969935039647,14.040661851125371,1.0,-0.0076088716447149,False,1,471.2625255451361
FA15Q-seed404,50,Lx_2,Ldc3_5,1209.730748,14.543,17.114,15.682,lhs,6.439504694585257,12.05662181663586,8.271573795015453,30.2203447984052,243.1679342137801,2.50399364578603,12.563103646535271,1.0,0.0214497352712734,False,1,471.2625255451361
FA15Q-seed404,51,Lx_15,Ldc3_7,668.5691646,25.515,26.081,9.963,lhs,24.36111569673469,14.580822949078156,10.651483499432944,36.7439063634793,116.23087952642588,3.274493858934429,12.585370558623604,1.0,-0.0470674430729382,False,1,471.2625255451361
FA15Q-seed404,52,Lx_11,Ldc3_6,843.0946348,27.875,32.281,33.438,lhs,18.82170480915256,14.488207249228047,10.546990176509766,34.73921890151357,145.98276944622185,3.2643807790409487,27.54072437914484,1.0,-0.0584831682441556,False,1,471.2625255451361
FA15Q-seed404,53,Lx_5,Ldc3_10,925.6550883,12.775,18.68,32.667,lhs,14.38919564866172,14.806009673642627,10.375911085589868,34.13849555620924,208.4212881844556,3.1477120736619915,12.38611215700951,1.0,0.0697648836963904,False,1,471.2625255451361
FA15Q-seed404,54,Lx_11,Ldc3_16,736.5353727,24.246,7.675,23.198,lhs,3.9455514837979218,7.402488412823556,-2.08067219541866,29.34597867666768,135.34404741822885,2.3500848596662003,15.856848293843422,1.0,0.0348249276194944,False,1,471.2625255451361
FA15Q-seed404,55,Lx_8,Ldc3_1,1031.651892,24.87,17.736,12.742,lhs,27.23948725531657,17.38109584875678,14.245800394202838,35.39419995393362,199.70703753290368,3.4770958005733554,13.297546041394956,1.0,0.0504912303708416,False,1,471.2625255451361
FA15Q-seed404,56,Lx_13,Ldc3_9,917.153292,18.685,6.572,15.351,lhs,9.807304361062428,12.21208440826965,7.388658576023885,31.59215048928266,166.46658090159934,3.293420096361188,17.042099830877522,1.0,0.0470163361949354,False,1,471.2625255451361
FA15Q-seed404,57,Lx_11,Ldc3_12,940.2592434,3.3,28.9,28.834,lhs,20.472195674442247,15.281135545053044,7.574833975130135,35.087983624631384,158.6474950619156,3.067449362491557,27.39996806195068,1.0,0.0106146966665922,False,1,471.2625255451361
FA15Q-seed404,58,Lx_15,Ldc3_15,673.3912057,4.626,19.386,14.454,lhs,29.053235366192144,15.172132002636472,7.82744269995136,37.50926025268058,95.99426045307484,3.3140838847611938,12.80342762207879,1.0,-0.0329530268224666,False,1,471.2625255451361
FA15Q-seed404,59,Lx_14,Ldc3_11,1148.05654,29.465,13.696,11.285,lhs,13.305291017436478,14.628947141519832,7.989265026793669,33.20397372081803,215.8311260016553,2.6063081323903274,28.42712025381881,1.0,0.0800843127626071,False,1,471.2625255451361
FA15Q-seed404,60,Lx_4,Ldc3_15,1083.11089,30.864,16.327,26.916,lhs,4.454875753513994,9.791412263347848,1.4216005885938734,28.84960858080145,206.84825445930704,2.546682180299802,14.450435297127775,1.0,0.0392103182774207,False,1,471.2625255451361
FA15Q-seed404,61,Lx_16,Ldc3_1,696.8505372,32.692,29.039,22.898,lhs,6.40045383913029,11.337761821112622,7.5786278657881,33.52974853239615,114.0209590326714,3.539095001399842,23.68257534196562,1.0,-0.1546301133863485,False,1,471.2625255451361
FA15Q-seed404,62,Lx_12,Ldc3_3,1258.664718,2.673,15.089,26.688,lhs,22.12899690704817,18.199703903987366,15.005425107607094,35.13731543820281,297.1151966231834,3.1562567335080267,34.941255507086645,1.0,0.1639601743796818,False,1,471.2625255451361
FA15Q-seed404,63,Lx_8,Ldc3_1,1010.191285,16.673,28.089,31.731,lhs,26.10253262120279,19.303167815193405,16.256738561214803,37.79248131824146,324.3927471252002,3.1844177572083745,21.93748166775057,1.0,0.1214265233715889,True,2,503.8615675886376
FA15Q-seed404,64,Lx_11,Ldc3_11,905.2608444,15.46,23.784,31.377,lhs,23.38630240829273,15.78004182137807,9.550573708072468,35.965051158742675,160.1215749247902,2.803961105666626,26.48258276748074,1.0,-0.0032528383248061,False,2,503.8615675886376
FA15Q-seed404,65,Lx_16,Ldc3_4,1051.406334,24.416,26.586,33.971,lhs,3.523533699650508,7.736665282883459,3.8532641366840106,25.973886900661007,159.55948761676586,3.545279212812616,90.93076377245252,1.0,-0.0713970021547373,False,2,503.8615675886376
FA15Q-seed404,66,Lx_6,Ldc3_11,642.6351488,31.54,17.046,7.246,lhs,19.17172901490572,14.53830491579845,10.072249432690173,36.79981676615167,146.9993782458426,2.741279632651725,7.181725589344016,1.0,0.021862473782793,False,2,503.8615675886376
FA15Q-seed404,67,Lx_5,Ldc3_6,944.2652923,30.018,8.842,35.648,lhs,2.6599186465424944,7.223514969254139,3.566330663120352,26.0167701033582,186.48464024085555,3.3923707422042035,13.0065519658276,1.0,0.041203852146827,False,2,503.8615675886376
FA15Q-seed404,68,Lx_1,Ldc3_13,825.6189782,20.279,6.238,16.295,lhs,1.5883028857518269,4.353658809573057,-2.351441199882929,25.480752852244272,151.65673561963592,3.0808001789223374,18.208433479006924,1.0,0.0050588961573075,False,2,503.8615675886376
FA15Q-seed404,69,Lx_7,Ldc3_5,859.7396177,23.552,32.684,8.115,lhs,31.48666422069077,17.126488952916993,13.330654309291385,36.783776158576,162.87427614169374,3.28265986758264,11.317688402406608,1.0,0.0196852862914514,False,2,503.8615675886376
FA15Q-seed404,70,Lx_3,Ldc3_14,914.28466,33.111,9.743,4.71,lhs,5.007187361816264,9.902598209598196,3.058601592104402,30.789212715263883,187.33297814737315,2.532510984212881,13.051215316642516,1.0,0.0492390096375362,False,2,503.8615675886376
FA15Q-seed404,71,Lx_3,Ldc3_3,659.1652491,15.103,32.824,9.507,lhs,19.57878101529872,16.21982547225729,13.100304826128598,39.15943262408877,188.29467062253505,3.4501003311948018,6.335370748857451,1.0,0.0270285076183155,False,2,503.8615675886376
FA15Q-seed404,72,Lx_9,Ldc3_2,754.8337156,22.864,4.891,18.017,lhs,0.5044667564372357,7.419991080805786,3.53389115024215,28.02551630193509,100.8769580801926,3.719305917075524,13.18579180347588,1.0,-0.0058978735786779,False,2,503.8615675886376
FA15Q-seed404,73,Lx_1,Ldc3_10,1119.743032,21.775,21.944,34.428,lhs,6.355152072940985,11.327324444570326,5.993470153002969,29.19435347299878,208.6266539536317,3.013835698149878,11.795132472075796,1.0,0.0194843613781045,False,2,503.8615675886376
FA15Q-seed404,74,Lx_14,Ldc3_6,730.552761,16.99,30.177,4.274,lhs,21.787807696033354,14.886047768348776,10.813977596259395,35.92049779596765,118.3779579873752,3.565219912370324,13.2447673576919,1.0,-0.0376008411115434,False,2,503.8615675886376
FA15Q-seed404,75,Lx_4,Ldc3_15,953.7266894,31.244,14.714,37.11,lhs,3.030185885548009,7.987953765687191,0.8123428035179293,28.102522024466523,197.211292888984,2.623359893252444,12.476700402052398,1.0,0.0335630306329234,False,2,503.8615675886376
FA15Q-seed404,76,Lx_2,Ldc3_15,1237.058699,9.305,12.093,14.138,lhs,3.03121104809008,8.20903756793101,-2.0786920704720613,26.56534073517964,207.98518505237263,2.4966217767107985,17.742998961174372,1.0,0.0317660044423376,False,2,503.8615675886376
FA15Q-seed404,77,Lx_13,Ldc3_7,679.7818819,20.036,27.904,25.711,lhs,15.55761655653605,13.847921695411369,9.467123604714349,36.0421312723698,115.34490351678792,3.3581641178204698,18.20619300524676,1.0,-0.1108469714340455,False,2,503.8615675886376
FA15Q-seed404,78,Lx_15,Ldc3_13,1269.90069,31.856,8.452,13.54,lhs,8.309630776213716,13.003010411098202,4.199347842599992,31.13390349472799,236.4753780592236,2.296020319812233,39.27698070693291,1.0,0.0840607529160471,False,2,503.8615675886376
FA15Q-seed404,79,Lx_2,Ldc3_7,855.0141799,16.248,16.725,21.974,lhs,12.891012140956809,12.54945069689407,8.346942412936292,32.12643515425963,136.43868060572018,3.289535127695149,8.348965972777641,1.0,-0.0320455356483862,False,2,503.8615675886376
FA15Q-seed404,80,Lx_6,Ldc3_13,720.4614194,13.004,31.076,19.16,lhs,27.97946269523936,16.80284510667927,11.65378157879952,39.06652663651823,170.04667957514638,2.609307013821968,8.861916627573299,1.0,0.0890093543201598,False,2,503.8615675886376
FA15Q-seed404,81,Lx_6,Ldc3_3,1020.23484,13.739,14.14,18.818,lhs,17.820068833186884,14.870179062324308,11.102987357964716,32.87564735604729,170.4553321608099,3.6379558655974913,11.9822991431932,1.0,0.0545574223335947,False,2,503.8615675886376
FA15Q-seed404,82,Lx_8,Ldc3_4,866.7362692,5.659,9.016,11.94,lhs,13.937685857361537,13.672609271305763,9.568275852534065,33.04783535765604,131.1769540767353,3.97443302293252,10.844861856044234,1.0,0.0171403834464452,False,2,503.8615675886376
FA15Q-seed404,83,Lx_12,Ldc3_16,967.7604338,18.464,21.275,12.967,lhs,16.85657435857599,13.735800843302028,13.068785056511707,28.895619045046324,138.34426788353068,2.187155738050896,37.10028692590431,1.0,0.0262913548819417,False,2,503.8615675886376
FA15Q-seed404,84,Lx_9,Ldc3_8,1192.085084,7.476,14.753,27.629,lhs,16.85283575809879,16.298631589278102,11.942692368803751,33.88832243318336,251.1641709515065,2.9701365396545527,22.96701130767168,1.0,0.1039071914928334,False,2,503.8615675886376
FA15Q-seed404,85,Lx_10,Ldc3_10,1252.387516,15.812,12.557,29.461,lhs,11.586427380031838,14.985123094035412,10.160913285400245,32.694857134534764,269.2668605565821,2.710803922695808,29.7032212745629,1.0,0.1052190520498592,False,2,503.8615675886376
FA15Q-seed404,86,Lx_8,Ldc3_17,1049.244365,3.83,27.103,24.681,lhs,23.77111620399269,16.61955084141791,7.229605146953769,35.69471113282519,192.0981049003716,2.288001234047699,23.314249292923343,1.0,0.0983525778704993,False,2,503.8615675886376
FA15Q-seed404,87,Lx_14,Ldc3_7,1113.50603,11.975,24.342,6.933,lhs,16.616785625643825,14.925131753507577,10.518195066222429,32.71920982638751,185.1505754203969,3.426503331098456,24.121667943641047,1.0,0.0326448313040487,False,2,503.8615675886376
FA15Q-seed404,88,Lx_16,Ldc3_10,1228.034096,17.883,25.472,11.482,lhs,8.599914195247008,12.629715110668418,6.846376290922366,30.2428968080122,209.37086258281025,3.0182836833268,39.0247631654536,1.0,0.0645765067957215,False,2,503.8615675886376
FA15Q-seed404,89,Lx_7,Ldc3_4,776.3989437,23.214,15.778,26.222,lhs,22.56809831588002,16.254743177329306,12.995225114504148,36.50964727514853,185.2952943690883,3.3072722515751933,10.424637048912263,1.0,0.0733896547474098,False,2,503.8615675886376
FA15Q-seed404,90,Lx_5,Ldc3_9,950.2394349,14.428,19.902,17.656,lhs,20.62929605312419,15.765739549253077,10.973472411810812,34.69839340495255,181.3148125381462,3.242691524103265,10.970398688826547,1.0,0.0533297399901626,False,2,503.8615675886376
FA15Q-seed404,91,Lx_15,Ldc3_1,1229.829954,8.723,20.489,29.688,lhs,5.017363019445319,11.161107854715231,7.962244135171059,28.14613450037433,255.39018332341297,3.7110073418313534,74.41208385201641,1.0,-0.0653593631235277,False,2,503.8615675886376
FA15Q-seed404,92,Lx_7,Ldc3_14,1095.965887,19.781,9.954,8.029,lhs,9.107386317131104,11.915673788001342,2.4230843003351583,30.104269796015824,167.2042453267295,2.7488936631198766,18.194660139831264,1.0,0.0221869104286836,False,2,503.8615675886376
FA15Q-seed404,93,Lx_12,Ldc3_2,1170.914246,28.485,20.735,28.313,lhs,17.503181715529305,16.4123306178156,13.174495301789126,33.87015924144039,247.8268793539737,3.208864165351139,38.19430977377007,1.0,-0.0030908741094124,False,2,503.8615675886376
FA15Q-seed404,94,Lx_11,Ldc3_14,825.0616619,8.002,12.165,10.583,lhs,26.656059245282187,15.431933974643222,8.051801270943411,35.71650677307684,129.85173328449525,3.174050742171361,12.237026591059552,1.0,0.0530124312746233,False,2,503.8615675886376
FA15Q-seed404,95,Lx_3,Ldc3_15,724.7174207,10.301,24.194,25.237,lhs,18.96061988318931,14.63454993626371,8.535636058994873,35.85445761360842,151.65347560917627,3.171286347196194,7.82610861240571,1.0,0.0062070921116697,False,2,503.8615675886376
FA15Q-seed404,96,Lx_3,Ldc3_5,1264.111536,2.074,15.353,25.928,lhs,6.998856160152251,12.050275446412815,7.940379497284657,28.955439953266826,224.5687388612877,3.390094543715964,14.256901184017885,1.0,0.0457371964461285,False,2,503.8615675886376
FA15Q-seed404,97,Lx_14,Ldc3_13,1133.758244,32.931,29.665,28.639,lhs,3.649716613987074,8.46164407736344,-0.7298307159982825,27.06049622787799,183.60278011808825,2.627372322805012,75.78539714363887,1.0,0.0295042583321238,False,2,503.8615675886376
FA15Q-seed404,98,Lx_2,Ldc3_12,992.5290389,4.998,23.379,23.605,lhs,16.780091887475127,13.822328813591952,5.681478607377255,32.22015160444264,141.80942965678244,3.2011599703023577,10.925998733836698,1.0,-0.0099407442766809,False,2,503.8615675886376
FA15Q-seed404,99,Lx_4,Ldc3_3,1120.464253,18.177,30.881,23.857,lhs,20.77548035762425,17.00922014927264,13.64337727390905,34.47593821429794,240.23036150500843,3.274932600291938,13.14377961983519,1.0,0.0898652226152374,False,2,503.8615675886376
FA15Q-seed404,100,Lx_8,Ldc3_2,1198.700586,6.597,4.585,29.969,lhs,0.8518376151114118,3.0570976426461014,-0.5951949638885988,20.280012678670023,200.20715985798188,3.6615569530891503,32.9632322318275,1.0,0.0575955262142896,False,2,503.8615675886376
FA15Q-seed404,101,Lx_10,Ldc3_1,1015.8814885318915,17.45866666863735,28.400486139564425,27.78329511581791,aug,22.288918169699752,17.868908040813295,14.647383773807976,36.30713419501225,271.10026565659786,3.453296927246872,24.877011458216685,1.0,0.047574622091961,False,2,503.8615675886376
FA15Q-seed404,102,Lx_8,Ldc3_1,1001.0784789248455,11.454721172827634,32.10455581163798,34.32783373910739,aug,19.52277420814108,18.473920718719416,15.241126993872648,37.12685473497179,356.3858473847727,3.5635739274383367,24.813180586243828,1.0,0.1255796834678462,False,2,503.8615675886376
FA15Q-seed404,103,Lx_12,Ldc3_1,1013.6481445106879,6.361710421860335,28.557004068221637,33.8840522287389,aug,7.647698428715516,13.922628876523856,10.27481887234246,32.343031316622834,319.3658449580099,4.212739398267234,42.45987737560617,1.0,-0.5211599836431842,False,2,503.8615675886376
FA15Q-seed404,104,Lx_5,Ldc3_1,1037.5465726771224,2.712124614581789,30.59665020543664,31.426815181916005,aug,29.290551234271167,19.487143295878774,16.684659557609848,37.594658537566254,302.0207207117771,3.019470130159424,16.62851429695633,1.0,0.1384885211927232,True,3,570.789169117521
FA15Q-seed404,105,Lx_6,Ldc3_1,1040.4260489430453,6.156483819545903,30.428205177317036,34.97979494094063,aug,25.608621560228293,19.62200997102791,16.819415231645227,37.95305863704514,356.3891766303744,2.9585410847023814,20.015022886115894,1.0,0.2032837550360197,False,3,570.789169117521
FA15Q-seed404,106,Lx_1,Ldc3_1,1020.1435288399477,14.314821403325631,28.927312576900434,30.325214863261838,aug,17.694046237896817,15.170292738019235,11.867554323448019,33.193490002643465,184.07972713870674,3.6189629801675314,9.90069989366391,1.0,0.03267699349954218,False,3,570.789169117521
FA15Q-seed404,107,Lx_12,Ldc3_1,1025.9593253508067,16.838485552828647,24.358433870734853,28.978534395112252,aug,15.80072190202909,15.9509570471058,12.591511471285093,34.29594975784045,242.79701479998823,3.596564038227392,32.28776170694843,1.0,-0.04996131511315607,False,3,570.789169117521
FA15Q-seed404,108,Lx_10,Ldc3_1,1039.7201389043973,11.11880532195587,23.54894315844459,31.1513952029495,aug,19.367205725175964,18.125601060023367,14.94396618833181,36.40110134233701,328.84571300775883,3.555087606493428,27.99046933871383,1.0,0.1186459449748461,False,3,570.789169117521
FA15Q-seed404,109,Lx_2,Ldc3_1,1041.0268717069102,10.124632779466573,32.12549875634783,28.762910186917292,aug,23.60100833497966,16.77288700672724,13.56256172666123,34.54982012970537,200.1986650128779,3.6181212028292236,11.254673789321362,1.0,0.05989246226754592,False,3,570.789169117521
FA15Q-seed404,110,Lx_6,Ldc3_1,1036.883423684527,6.585425818785217,21.425294370931155,33.60572298757876,aug,28.58494726848265,18.51766847165072,15.537430556703823,36.31631642352245,247.5671946589711,3.3440615119265784,16.745300502017088,1.0,0.1140036536379033,True,4,570.789169117521
FA15Q-seed404,111,Lx_2,Ldc3_1,1002.0646185246621,15.987872345021113,27.454413150250314,23.706328658010737,aug,22.231993884280097,16.0326429851577,12.71430868967288,34.15641319214686,178.9981014175789,3.6386467272354395,10.139825944314335,1.0,0.0420700353700699,False,4,570.789169117521
FA15Q-seed404,112,Lx_8,Ldc3_1,950.4556837477539,16.569100435406433,30.363170338276454,29.13198819226026,aug,28.111981736330804,19.429617754846717,16.282150537297177,38.430296628845085,310.1566339150694,3.2918711504794502,18.76300706063205,1.0,0.11339301121765819,True,5,570.789169117521
FA15Q-seed404,113,Lx_6,Ldc3_1,1160.3300778660018,16.857207721905393,20.013211155076963,31.649161476865586,aug,21.234220044919,17.55838649702774,14.676730121657938,34.630616897940925,266.92301565381825,3.3199071753158984,18.27314506786664,1.0,0.1238040601108317,False,5,570.789169117521
FA15Q-seed404,114,Lx_4,Ldc3_1,1025.47121495969,12.18457660571891,18.073928345563704,30.37560798703847,aug,15.442163312889805,14.15878754684327,10.743950308234805,32.05519687563908,166.67375178974513,3.8052059392846043,10.972005440778732,1.0,0.04734319821379966,False,5,570.789169117521
FA15Q-seed404,115,Lx_15,Ldc3_1,1118.1204221996113,3.6598508223053647,29.868377506835827,30.884438984617695,aug,3.0215951359682336,9.663839311249774,6.169434314246696,27.32515874401524,285.41886878497456,4.093542161856421,75.13500918790565,1.0,-0.2525372968055048,False,5,570.789169117521
FA15Q-seed404,116,Lx_11,Ldc3_4,640.0,4.836510918837078,16.744558225751334,16.621602747864177,opt,36.02423162829339,18.72793082482246,15.038918782517737,41.40153390077461,193.19620332645655,4.169995433474154,8.277724007029175,1.0,0.08845908576720612,False,5,570.789169117521
FA15Q-seed404,117,Lx_7,Ldc3_3,681.0213769990494,4.623528895866938,26.6256770668955,18.672224213516294,opt,35.46662729202055,18.91779279620022,15.420675300811851,40.89515493691983,205.6342010696426,3.9116470485570227,8.378072138804745,1.0,0.1040862954212901,False,5,570.789169117521
FA15Q-seed404,118,Lx_7,Ldc3_4,640.0,2.0,25.47580942719193,19.57346887645447,opt,32.52389479467723,18.667880214964164,15.360986371600298,41.56783072270014,210.83856178130404,4.075147574005922,7.780815217279114,1.0,0.14512057963254008,False,5,570.789169117521
FA15Q-seed404,119,Lx_6,Ldc3_3,810.0989926704892,10.056353312399965,28.793637507916777,17.914009266107378,opt,36.6433724729586,18.77477256525655,15.292733605103793,38.779019597260614,192.1398409155086,3.238264972289742,9.455374133571508,1.0,0.10075847129652088,False,5,570.789169117521
FA15Q-seed404,120,Lx_11,Ldc3_5,654.20839603575,9.569862764727658,15.586736258024949,15.358488353441595,opt,39.82939236874466,18.226370328285675,14.451045565436795,40.24997768915573,154.30781591548356,3.276242102787302,8.354496884354731,1.0,0.04183658280857135,False,5,570.789169117521
FA15Q-seed404,121,Lx_9,Ldc3_3,705.0424254821064,12.20027288732126,16.34074258192092,19.438699850625063,opt,36.210753502244096,18.2108006041569,14.667611061908715,39.32224744523623,169.07128664538698,3.2471102902429547,8.740864340888214,1.0,0.08316106531311804,False,5,570.789169117521
FA15Q-seed404,122,Lx_6,Ldc3_5,783.0632499278494,12.023804051361562,28.243793960499374,18.13631671115987,opt,34.0926797615,18.441309469094676,14.865078828958548,38.7637228157444,190.16523356744443,3.16990320244072,9.078286518109305,1.0,0.09681108921528371,False,5,570.789169117521
FA15Q-seed404,123,Lx_10,Ldc3_3,642.6321072283101,13.779512109855313,15.881438663431258,16.314885640829672,opt,39.40999311329791,18.289586915219253,14.717821964371083,40.470604618906606,158.4230545259877,3.3018968255777414,7.888714804866081,1.0,0.029663488841167165,False,5,570.789169117521
FA15Q-seed404,124,Lx_6,Ldc3_3,801.6106168516114,11.573781887247746,27.77844969098726,21.04724981680411,opt,35.27725108339317,18.892081935537377,15.517500381563806,38.985676715653796,205.43392846536503,3.1144035451246963,9.735295977466729,1.0,0.11614452551117582,True,6,683.8903931906032
FA15Q-seed404,125,Lx_11,Ldc3_3,640.0,13.0699419492682,15.318626896264622,17.664099310733203,opt,38.890701077974484,18.459893004347073,14.918078498998968,40.79280875212339,167.47429994868872,3.3083933900153255,8.332841300426843,1.0,0.04163192290907238,False,6,683.8903931906032
FA15Q-seed404,126,Lx_10,Ldc3_4,640.0,14.309972189337838,16.189256805307927,15.776466153473226,opt,39.587967827672706,18.285037228056094,14.715203144369932,40.530820914649865,157.53244781349937,3.2970501031071233,7.832563413276525,1.0,0.02466061001018359,False,6,683.8903931906032
FA15Q-seed404,127,Lx_5,Ldc3_3,719.050515743394,14.917742806843702,22.542869577919834,20.799723420075097,opt,32.106921072763384,17.623405697895716,14.121173458218633,38.34099984039861,164.58471315737143,3.377084174323585,7.74900205007732,1.0,0.08686786849532051,False,6,683.8903931906032
FA15Q-seed404,128,Lx_11,Ldc3_4,640.0,12.94258504193813,15.49777325629112,17.644503117279328,opt,39.05679602264285,18.499247871293832,14.955097539742436,40.85267721451761,168.39693310962548,3.3245268524231824,8.33868703822797,1.0,0.04279721674898544,False,6,683.8903931906032
FA15Q-seed404,129,Lx_9,Ldc3_3,678.2797850517403,16.37615338978176,21.24698364625027,21.37383747376103,opt,36.27104093497102,18.985144013441094,15.58351014195131,40.9334279866443,204.43223076668616,3.0121846426334566,9.030373389659609,1.0,0.08429080132298206,True,7,703.3147713696501
FA15Q-seed404,130,Lx_6,Ldc3_3,767.5835710490962,12.373928058802633,27.831117344034023,20.101637707864025,opt,36.430377411484585,18.841948422487615,15.435133031374297,39.28184451649633,196.49026153149794,3.1300148950375895,9.058722802031143,1.0,0.12350537094941902,False,7,703.3147713696501
FA15Q-seed404,131,Lx_11,Ldc3_4,640.0,12.941443801546265,15.201008822713527,17.671504914966334,opt,38.869117093984954,18.44002140291482,14.89505903342569,40.76030864114987,166.7434637599295,3.3136349715175886,8.327547359605873,1.0,0.04168889361183263,False,7,703.3147713696501
FA15Q-seed404,132,Lx_6,Ldc3_1,778.5462552643926,12.409654697251606,29.442870786980528,20.45574367095482,opt,36.81262138707495,19.377837037255674,16.143684310773573,39.81101212563309,221.77488234886144,3.538939018330922,9.40224628033728,1.0,0.13932635883409858,True,8,716.5506187213576
FA15Q-seed404,133,Lx_10,Ldc3_3,640.0,13.091060718190914,15.641593517144088,19.8683190730804,opt,37.430257838492395,18.461662983618506,14.986757899195622,40.71276369290564,174.08515534365335,3.1830865199466873,8.309640816907251,1.0,0.05952986353761901,False,8,716.5506187213576
FA15Q-seed404,134,Lx_11,Ldc3_4,640.0,12.01181149366611,14.851065173531591,17.30279330273241,opt,39.23947735626626,18.369509553269616,14.790568677441675,40.64982290895922,162.30392798864972,3.388064422278702,8.253023241736205,1.0,0.0411579614649454,False,8,716.5506187213576
FA15Q-seed404,135,Lx_9,Ldc3_3,666.8241083638111,15.542085983072788,16.868829875420467,19.6033856201349,opt,35.14858438278047,18.216521779440747,14.788133131046497,39.9106810040748,174.4289238131108,3.1306885936944955,8.148537377036691,1.0,0.0709598684946338,False,8,716.5506187213576
FA15Q-seed404,136,Lx_5,Ldc3_1,767.6025118709263,3.094194599529626,25.763433856052853,28.637329286226453,opt,27.937008821717985,18.70521868358897,15.716932612570563,39.42102409207686,247.72975893355232,3.7852711006622735,9.875145085607215,1.0,0.16182216020802703,True,9,716.5506187213576
FA15Q-seed404,137,Lx_11,Ldc3_4,640.0,11.421058856863747,14.741182416441616,17.07890342193629,opt,39.4805071634874,18.347711860309268,14.748397732367396,40.618303229955465,160.4418828828415,3.4418099819323245,8.215345201234854,1.0,0.04190712182693207,False,9,716.5506187213576
FA15Q-seed404,138,Lx_10,Ldc3_4,640.0,13.990577929842724,16.39399309510457,16.63766320534922,opt,39.564894573173035,18.407758008196787,14.86045175412186,40.680628001290515,162.50497048884927,3.278115356166157,7.88495027919449,1.0,0.03324829879317927,False,9,716.5506187213576
FA15Q-seed404,139,Lx_10,Ldc3_2,697.4353983402251,11.877443356822655,14.950145619329183,19.845454509210658,opt,36.96215907780122,18.529340331919233,15.034918670273402,39.93871242233528,179.27146392049673,3.514149925916425,9.397846257554889,1.0,0.06482052374962874,False,9,716.5506187213576
FA15Q-seed404,140,Lx_6,Ldc3_1,800.7821440904652,15.833919015666558,30.42708826161034,20.73646275477108,opt,37.35114700015187,19.443399123763342,16.25715047369226,39.58324109250525,222.1061788621478,3.3317116158351423,9.83436378441559,1.0,0.14426349982101044,True,10,727.5145497688563
FA15Q-seed404,141,Lx_10,Ldc3_2,660.4386451294077,10.708973206373303,14.90430978155676,17.73548294254159,opt,38.01968213281952,18.39738200065498,14.793736578157471,40.39653995756865,168.67456276465046,3.7728392376008495,8.378064047435387,1.0,0.056523781994979386,False,10,727.5145497688563
FA15Q-seed404,142,Lx_9,Ldc3_2,747.570863523787,10.929349990430074,16.656303336125333,20.745132182354887,opt,35.87993147450531,18.55375504993178,15.116955572290273,39.246856476410244,185.79861439910187,3.4117499808224783,9.792935975987662,1.0,0.10000160238846968,False,10,727.5145497688563
FA15Q-seed404,143,Lx_11,Ldc3_2,686.6380669767893,10.596718455241907,14.933542780161156,17.959747558974055,opt,37.16350530236255,18.649006438718835,15.077230892120339,40.364294908657534,183.65818045901887,3.7245583324908447,9.30946034211721,1.0,0.06392395172392372,False,10,727.5145497688563
FA15Q-seed404,144,Lx_6,Ldc3_1,752.233684832899,17.94806521679422,30.947831640448094,20.12417789660759,opt,38.686946802897786,19.406517300626078,16.174708516134057,40.118094968038065,212.51428178487222,3.350991784115523,8.995182463494732,1.0,0.1179681328880755,True,11,753.437771751018
FA15Q-seed404,145,Lx_9,Ldc3_2,717.4459489417789,13.54552488132295,17.851113376427723,16.991541989318936,opt,38.60796608577247,18.568407006692492,15.03619011051719,39.69358433855029,173.2975022490328,3.483368103302253,8.745046985751069,1.0,0.054137724105455046,False,11,753.437771751018
FA15Q-seed404,146,Lx_11,Ldc3_2,654.2228412667558,11.80344198608559,15.171900019596887,17.630630978036187,opt,38.36142716248942,18.646866027299776,15.063781786373156,40.87836369126934,177.82893581151873,3.7170196432364926,8.6427633931963,1.0,0.05841022666065751,False,11,753.437771751018
FA15Q-seed404,147,Lx_6,Ldc3_1,704.4925910596091,20.406506359724528,30.913513105645826,20.508874912108205,opt,38.903286013525204,19.342351229571463,16.08061951210456,40.70047320639983,208.0441188525193,3.2659353529382464,8.293679667833599,1.0,0.09875841132322409,True,12,757.6222807477017
FA15Q-seed404,148,Lx_9,Ldc3_2,715.0213663681072,13.31031898201857,17.846812599442877,17.16538383819552,opt,38.63958321279923,18.586726418252717,15.056317363336788,39.74678275856838,173.94247747986114,3.4936084836540373,8.726580957563826,1.0,0.055363355857871735,False,12,757.6222807477017
FA15Q-seed404,149,Lx_10,Ldc3_2,665.1431702329362,11.762778845770615,15.062857990421483,17.675369150037515,opt,38.43675013014826,18.423908226868914,14.836373941050619,40.339393590167695,167.9463866389732,3.6773950757605225,8.454941782304276,1.0,0.049063053312560174,False,12,757.6222807477017
FA15Q-seed404,150,Lx_9,Ldc3_2,738.3658434728704,13.518118899392777,18.081027429866708,19.14709666591437,opt,37.54200394964121,18.771273902161624,15.323221840096515,39.63681837330362,187.37887650156551,3.363023515602209,9.452692002543948,1.0,0.08399889360556731,False,12,757.6222807477017
FA15Q-seed404,151,Lx_13,Ldc3_2,640.0,10.988650457370248,14.40995143420144,16.975969243209256,opt,34.26412824128757,18.55222651719632,14.582791141872962,41.44864836978342,207.2724787811433,4.092844941707159,9.96878278904806,1.0,0.11196310602157863,False,12,757.6222807477017
FA15Q-seed404,152,Lx_10,Ldc3_2,684.9936683880163,11.644334224805133,15.299199534733672,17.918085025401318,opt,38.05745629045957,18.515711716502175,14.955942444157412,40.1452275079064,173.52522718128895,3.6368539913569284,8.86073241848816,1.0,0.05352375883039098,False,12,757.6222807477017
FA15Q-seed404,153,Lx_10,Ldc3_2,672.0259482040121,12.844400063704244,15.881537532487378,16.400616763665536,opt,39.225600613370545,18.516224430158715,14.919302402440815,40.37522398170103,168.37900507322894,3.642181371854562,8.445222160929513,1.0,0.04021365062079709,False,12,757.6222807477017
FA15Q-seed404,154,Lx_6,Ldc3_1,699.6843753888905,20.900930620341022,30.942607386720482,20.092508464891573,opt,39.01709181555197,19.29496686766798,16.031097893063123,40.71850641208243,205.04692860494475,3.263328461191795,8.172163389009167,1.0,0.0925740668107638,True,13,759.8181599271566
FA15Q-seed404,155,Lx_10,Ldc3_2,675.7037729528807,11.2344146325592,15.099234317751753,17.799989251405435,opt,38.03941142525159,18.455829535719314,14.872702464694875,40.21894593278173,171.04978154876432,3.6920613746528197,8.666393158454968,1.0,0.05361075006429941,False,13,759.8181599271566
FA15Q-seed404,156,Lx_10,Ldc3_2,716.4223580069272,9.321262690286298,15.10176943509503,19.808216124099516,opt,35.8229196938493,18.599687426798678,15.09819779325066,39.81427860883717,188.22170408856633,3.6426495533102567,9.789702854056559,1.0,0.0813360915770491,False,13,759.8181599271566
FA15Q-seed404,157,Lx_6,Ldc3_1,715.5421965273581,18.445160238034777,31.30055468934848,19.995650973625025,opt,39.41884767044324,19.39641169993374,16.104642220554027,40.605982662474176,208.0541645054534,3.375361763924367,8.40940507301682,1.0,0.09963482319076866,True,14,767.6340223014683
FA15Q-seed404,158,Lx_10,Ldc3_2,640.0,11.687145192495061,15.173638443729748,17.99667976854718,opt,38.79523286789359,18.45899794871199,14.890255817014443,40.800285482401854,167.84916553471865,3.7126951201456007,8.060711070896378,1.0,0.05569517375958184,False,14,767.6340223014683
FA15Q-seed404,159,Lx_6,Ldc3_1,640.0,16.517298039654158,31.94540590704441,19.155571257770273,opt,40.517195040637084,19.335942026942693,15.937468462071822,41.77919771285424,199.44434078489755,3.572016064518608,7.182839555716114,1.0,0.09032931384155111,True,15,788.8716033769814
FA15Q-seed404,160,Lx_7,Ldc3_1,640.0,16.179464592261976,32.63269492874102,18.574196373531315,opt,40.973801382460344,19.421023429723693,15.857693447383625,42.15614781556588,212.62584659659768,3.7230938224126766,7.896210219852132,1.0,0.10603273331328393,True,16,797.8702054054605
FA15Q-seed404,161,Lx_10,Ldc3_2,640.0,12.153625359884611,14.921323930221673,17.61138119954916,opt,38.90222352804859,18.351829676295775,14.774441205279956,40.66392674943616,162.9935407524033,3.69073609478383,7.99554074447824,1.0,0.04744101045074425,False,16,797.8702054054605
FA15Q-seed404,162,Lx_10,Ldc3_2,640.0,12.602727402458815,15.518673466219715,19.136615858887218,opt,38.58368570045984,18.594828443234388,15.079512797707041,40.9567972292309,174.54400304707696,3.5789618695460472,8.242037742271698,1.0,0.058501556579823005,False,16,797.8702054054605
FA15Q-seed404,163,Lx_9,Ldc3_2,663.0262936304558,11.422194508062027,18.575661739572496,18.979224948899844,opt,39.054629698395516,18.865805153653483,15.342448904319683,40.87800875871647,184.36751182046027,3.642832631731953,8.162365167908058,1.0,0.07368869345993283,False,16,797.8702054054605
FA15Q-seed404,164,Lx_10,Ldc3_2,640.0,12.272263371807089,14.99562571279003,18.133038525856463,opt,38.78930838555899,18.40206139361413,14.843603877355191,40.715687046988805,165.52001883018107,3.654262180150674,8.067775275457858,1.0,0.049720784376161675,False,16,797.8702054054605
FA15Q-seed404,165,Lx_6,Ldc3_1,640.0,16.197300884053746,31.26613640654565,20.34552298166384,opt,39.977230961468834,19.38484635577811,16.004617744280146,41.819328624979576,204.5692330836147,3.526634018363569,7.283543056596591,1.0,0.0986868365072497,True,17,797.8702054054605
FA15Q-seed404,166,Lx_9,Ldc3_2,640.0,12.72375341406433,17.311413671746998,17.95120758352168,opt,39.81142829311795,18.510001155645334,14.969310459774677,40.78376568393751,165.6457107145091,3.61444529727842,7.55203673679336,1.0,0.051986381846835863,False,17,797.8702054054605
FA15Q-seed404,167,Lx_10,Ldc3_2,640.0,13.874265432541096,15.318172671402703,18.60639895857777,opt,38.745614336544556,18.475544640623152,14.965917444630255,40.79951459577251,168.7550433422532,3.5011059987538315,8.145592518198198,1.0,0.04429972516478675,False,17,797.8702054054605
FA15Q-seed404,168,Lx_6,Ldc3_1,653.5584158674652,17.199342880165602,31.6820876923609,19.700203539121613,opt,40.31496474382189,19.364251689401275,15.989385944641858,41.55762274646268,201.83698252214873,3.4927415538252715,7.431967099562257,1.0,0.08823279367633756,True,18,797.8702054054605
FA15Q-seed404,169,Lx_10,Ldc3_2,640.0,10.297230335466987,14.731585115365805,21.467436413649857,opt,36.64039135405712,18.515946332990488,15.015700533596533,40.831957784498684,180.24678096411458,3.6662944655323404,8.59602537761341,1.0,0.0787816661188572,False,18,797.8702054054605
FA15Q-seed404,170,Lx_10,Ldc3_2,640.0,14.246281573538134,15.214395412722507,18.674896939062535,opt,38.59186296168747,18.43894727298522,14.936887624455727,40.74872782141978,167.89664981608715,3.470072055846551,8.149128680508397,1.0,0.04141381624822307,False,18,797.8702054054605
FA15Q-seed404,171,Lx_10,Ldc3_2,640.0,14.100460339040367,15.412003734441644,18.069612356241112,opt,39.034159558686795,18.46185873089915,14.942806880320783,40.79243621034468,166.94015230591194,3.509373973551767,8.073367055858501,1.0,0.04013863870213649,False,18,797.8702054054605
FA15Q-seed404,172,Lx_6,Ldc3_1,642.9250269962154,17.34446912345364,31.790729473278944,19.950786827381986,opt,40.227315366662765,19.365421241012598,15.99421283968611,41.748264782467864,202.33459141240857,3.4702593553046746,7.302124858031902,1.0,0.09032491557615716,True,19,797.8702054054605
FA15Q-seed404,173,Lx_10,Ldc3_2,640.0,14.331348851149636,15.128093240486185,18.98231172598052,opt,38.35239701034372,18.428127547949238,14.934926268076346,40.72849591092131,168.49207786702792,3.449733733321385,8.189436143779291,1.0,0.04221921673337506,False,19,797.8702054054605
FA15Q-seed404,174,Lx_10,Ldc3_2,648.325914395254,11.337747579290781,15.072564813858454,19.850964622946453,opt,37.79932049099231,18.547262063878286,15.0187794176059,40.740193524603505,176.080770761491,3.6404694832336757,8.48827235259348,1.0,0.06566308446592412,False,19,797.8702054054605
FA15Q-seed404,175,Lx_6,Ldc3_1,640.0,17.253425147284773,31.534649845824237,19.29448591698693,opt,40.56766358056145,19.304274436908248,15.921818108879163,41.72492543510887,197.65926064915175,3.512078450384274,7.183800367503418,1.0,0.08547152398626745,True,20,797.8702054054605
FA15Q-seed404,176,Lx_10,Ldc3_2,640.0,14.496123328170082,15.054962765993213,18.87583848620882,opt,38.3255240165185,18.395615480829907,14.901496976057961,40.68684475754132,167.25515506782733,3.4427933712270877,8.169237572361292,1.0,0.03977445258986464,False,20,797.8702054054605
FA15Q-seed404,177,Lx_10,Ldc3_2,640.0,13.912185713102568,14.718106336185869,17.6868096701201,opt,38.78268734791524,18.245022524213997,14.698412644280628,40.51382819227689,159.21012238695033,3.5435718456256295,7.990925502321984,1.0,0.03193710585420683,False,20,797.8702054054605
FA15Q-seed404,178,Lx_6,Ldc3_1,640.0,17.10382953980195,31.72471939552741,19.61917077777926,opt,40.396330870822524,19.341255553925055,15.961472626832881,41.77291636669297,200.30115584938932,3.504620162768427,7.222018265680066,1.0,0.08930975615527952,True,21,797.8702054054605
FA15Q-seed404,179,Lx_10,Ldc3_2,640.0,14.560572286901802,15.020291517321752,18.634575754529187,opt,38.41735615559219,18.370213851395437,14.870025689956796,40.65744460023143,165.80619106448913,3.4492473163727793,8.132318458737222,1.0,0.03732970202097098,False,21,797.8702054054605
FA15Q-seed404,180,Lx_12,Ldc3_2,640.0,13.22926907130212,14.25873340310679,16.665641615600148,opt,41.28698716397638,18.63025452584437,14.967758322539911,41.22560905695798,175.72587412301655,3.727655617560737,8.662543930161485,1.0,0.06007824975788369,False,21,797.8702054054605
FA15Q-seed404,181,Lx_10,Ldc3_2,640.0,14.445886670981192,15.29366772713951,20.110830569443014,opt,37.72390804306846,18.52723869961318,15.068796362087262,40.85034244837013,175.56007423869883,3.3902919087694228,8.377860677675741,1.0,0.05180114299460053,False,21,797.8702054054605
