Lx_id,Ldc3_id,M3_width,CB,Cs,Cm,PAE_percent,Psat_dBm,OP1dB_dBm,Gain_dB,PDC_total_mW,VDS_min_M3_V,VDS_peak_M3_V,minKf,HB_converged_flag,is_valid
Lx_10,Ldc3_1,999.3049733,17.457,18.183,33.588,24.82,18.96,15.77,37.525,314.1,0.169,3.111,25.72,1,1
Lx_6,Ldc3_1,1157.580073,4.096,22.162,22.385,26.19,18.11,14.89,35.216,252.2,0.144,3.454,15.69,1,1
Lx_11,Ldc3_6,707.5621491,11.847,6.739,9.418,24.47,13.17,8.932,33.971,84.9,0.047,3.768,9.747,1,1
Lx_13,Ldc3_10,1012.748238,29.727,5.748,32.936,2.301,7.081,2.331,26.228,215.8,0.091,2.941,26.96,1,1
Lx_10,Ldc3_8,1219.412986,26.946,30.635,31.988,13.01,14.83,9.888,32.538,239.9,0.079,2.848,44.7,1,1
Lx_13,Ldc3_8,797.9147177,30.681,25.324,22.296,18.63,14.34,9.71,35.236,149.7,0.017,3.039,21.14,1,1
Lx_14,Ldc3_14,817.7477802,19.386,14.313,14.937,24.34,15.58,8.605,36.697,151.311,0.066,2.694,16.74,1,1
Lx_12,Ldc3_3,929.0735373,13.262,32.018,11.042,32.2,17.17,13.21,36.281,162.4,0.018,3.544,15.6,1,1
Lx_5,Ldc3_10,984.3205875,21.518,18.272,21.114,13.57,14.58,9.886,33.608,213.1,0.081,3.022,12,1,1
Lx_1,Ldc3_16,989.062939,17.178,10.919,17.561,1.871,4.741,3.945,20.477,152.3,0.027,2.085,25.5,1,1
Lx_9,Ldc3_6,764.3824889,27.355,24.696,36.452,26.05,17.62,13.79,39.062,220.9,0.064,2.833,18.23,1,1
Lx_14,Ldc3_12,1177.402766,11.14,27.718,8.961,12.64,13.53,4.371,31.266,182.3,0.081,2.894,31.85,1,1
Lx_12,Ldc3_14,1279.626862,33.91,5.365,5.475,2.937,8.291,-1.517,25.972,224.3,0.065,2.313,36.72,1,1
Lx_6,Ldc3_5,757.3483933,30.35,13.044,37.603,7.453,11.77,8.436,32.297,205,0.109,3.231,9.931,1,1
Lx_3,Ldc3_12,1025.7769,2.492,26.863,35.11,16.14,14.95,7.671,33.571,194,0.039,2.919,14.33,1,1
Lx_2,Ldc3_11,848.3445998,6.358,10.583,24.186,3.244,7.058,1.387,28.541,158,0.003,2.578,10.03,1,1
Lx_10,Ldc3_8,888.8447622,27.932,7.797,27.222,4.836,9.789,5.645,29.525,196,0.089,3.153,15.04,1,1
Lx_4,Ldc3_14,1089.415994,3.051,9.38,14.787,5.136,9.149,-0.83,27.701,154,0.001,2.73,16.17,1,1
Lx_9,Ldc3_11,1072.283032,32.335,13.481,36.783,7.864,13.21,8.025,32.868,266,0.115,2.272,26.37,1,1
Lx_7,Ldc3_8,1204.745475,9.77,10.255,6.507,9.15,12.89,7.669,30.757,216,0.044,2.774,17.66,1,1
Lx_16,Ldc3_17,748.2595563,9.547,12.978,19.812,27.08,14.54,5.756,36.086,107,0.02,2.931,20.09,1,1
Lx_11,Ldc3_9,812.138221,10.452,23.091,10.145,38.04,17.22,12.27,37.58,140.25,0.083,3.214,11.88,1,1
Lx_8,Ldc3_16,783.4181409,26.313,7.202,16.076,3.26,6.43,0.152,26.802,133,0.041,2.353,17.15,1,1
Lx_9,Ldc3_12,1040.085387,12.403,5.468,8.566,5.246,8.813,0.093,27.26,143,0.017,2.958,20.96,1,1
Lx_6,Ldc3_17,689.0779584,21.033,7.063,28.133,2.563,5.292,-1.79,27.183,130,0.026,3.051,11.05,1,1
Lx_13,Ldc3_7,773.5024058,20.703,11.509,19.411,28.78,17.35,13.68,38.183,192,0.122,2.928,14.18,1,1
Lx_7,Ldc3_4,1102.547234,28.634,21.659,18.309,20.6,17.3,14,35.189,267,0.156,3.015,16.4,1,1
Lx_13,Ldc3_4,898.8489442,29.081,20.869,24.805,20.44,15.2,11.33,34.816,165,0.001,3.254,26.48,1,1
Lx_1,Ldc3_17,791.7381258,23.915,29.446,21.362,14.24,13.23,5.303,33.875,147,-0.005,2.562,8.383,1,1
Lx_15,Ldc3_12,893.2153788,6.802,19.111,30.265,13.18,11.1,2.616,30.571,101,-0.017,3.493,45.78,1,1
Lx_4,Ldc3_17,1180.679306,14.059,11.606,16.695,5.611,9.855,-0.795,26.543,172,0.031,2.661,19.75,1,1
Lx_1,Ldc3_2,1243.220546,22.396,22.578,20.918,8.296,13.19,9.786,30.465,255,0.041,2.989,12.22,1,1
Lx_5,Ldc3_4,1131.81898,4.503,8.176,20.363,4.742,9.363,5.143,26.888,184,0.044,3.565,15.22,1,1
Lx_16,Ldc3_9,961.424609,22.489,16.035,36.251,5.417,8.915,3.326,28.078,145,0.018,3.293,76.74,1,1
Lx_10,Ldc3_8,1080.756338,10.743,20.205,34.768,21.62,17.18,12.72,35.76,242,0.109,2.798,33.2,1,1
Lx_13,Ldc3_16,1067.521436,5.903,28.443,6.129,15.96,12.8,12.47,23.646,122,0.055,2.639,65.14,1,1
Lx_2,Ldc3_7,646.8635997,33.553,17.543,5.874,13.48,13.68,10.2,36.089,180,0.09,2.946,6.321,1,1
Lx_16,Ldc3_4,881.3667441,8.104,25.163,5.171,23.12,14.45,10.18,33.896,120,-0.028,3.818,19.86,1,1
Lx_4,Ldc3_8,703.1018266,22.026,25.76,35.417,16.53,15.93,12.37,37.662,240,0.178,2.732,9.001,1,1
Lx_16,Ldc3_16,713.8087578,25.109,4.575,13.483,3.988,7.172,-3.043,29.462,132,0.062,2.325,21.86,1,1
Lx_9,Ldc3_14,1188.911099,11.43,22.384,37.705,16.19,15.63,7.089,33.969,227,0.098,2.21,45.23,1,1
Lx_8,Ldc3_13,1162.405222,25.864,23.531,7.445,12.84,14.25,5.595,32.605,210,0.086,2.497,19.87,1,1
Lx_1,Ldc3_17,977.6853609,26.401,11.013,20.284,1.781,5.411,-3.839,26.23,190,0.043,2.214,15.11,1,1
Lx_5,Ldc3_6,1144.664491,8.456,18.99,32.511,14.84,15.65,12.11,33.027,253,0.093,3.262,16.34,1,1
Lx_3,Ldc3_5,663.7777915,7.391,27.457,30.853,31.54,17.01,13.3,38.117,158,0.061,3.258,6.954,1,1
Lx_7,Ldc3_13,1062.058356,27.091,31.643,12.366,16.18,15.23,7.613,34.508,208,0.099,2.446,18.14,1,1
Lx_3,Ldc3_9,832.7999684,15.168,4.277,17.198,1.504,3.368,-1.735,23.687,137,0.032,3.531,22.71,1,1
Lx_9,Ldc3_3,802.744111,5.387,31.536,31.073,20.24,17.84,13.9,38.982,301,0.066,3.896,17.31,1,1
Lx_12,Ldc3_2,871.4658653,19.263,29.832,4.646,29.14,16.2,12.36,35.819,141,0.012,3.621,14.02,1,1
Lx_2,Ldc3_5,1209.730748,14.543,17.114,15.682,6.45,12.05,8.079,30.221,250,0.026,2.531,12.56,1,1
Lx_15,Ldc3_7,668.5691646,25.515,26.081,9.963,24.57,14.58,10.52,36.741,123,0.003,3.217,12.59,1,1
Lx_11,Ldc3_6,843.0946348,27.875,32.281,33.438,19.12,14.49,10.5,34.757,148.3,-0.021,3.23,27.46,1,1
Lx_5,Ldc3_10,925.6550883,12.775,18.68,32.667,14.42,14.81,10.35,34.146,210,0.07,3.147,12.37,1,1
Lx_11,Ldc3_16,736.5353727,24.246,7.675,23.198,3.958,7.403,-1.851,29.359,139.3,0.056,2.286,15.83,1,1
Lx_8,Ldc3_1,1031.651892,24.87,17.736,12.742,27.3,17.38,14.2,35.405,205.3,0.111,3.441,13.28,1,1
Lx_13,Ldc3_9,917.153292,18.685,6.572,15.351,9.793,12.21,7.351,31.58,172,0.079,3.303,17.08,1,1
Lx_11,Ldc3_12,940.2592434,3.3,28.9,28.834,20.8,15.28,7.525,35.082,158.7,0.024,3.122,27.43,1,1
Lx_15,Ldc3_15,673.3912057,4.626,19.386,14.454,34.32,15.17,7.829,37.533,94,0.007,3.362,12.76,1,1
Lx_14,Ldc3_11,1148.05654,29.465,13.696,11.285,13.29,14.63,7.874,33.198,222,0.106,2.58,28.46,1,1
Lx_4,Ldc3_15,1083.11089,30.864,16.327,26.916,5.063,10.51,2.442,29.864,219,0.063,2.377,15.84,1,1
Lx_16,Ldc3_1,696.8505372,32.692,29.039,22.898,13.23,11.34,7.417,33.517,99.4,-0.121,3.535,23.72,1,1
Lx_12,Ldc3_3,1258.664718,2.673,15.089,26.688,22.16,18.2,14.82,35.145,303,0.205,3.08,34.89,1,1
Lx_8,Ldc3_1,1010.191285,16.673,28.089,31.731,26.08,19.3,16.11,37.783,323.5,0.173,3.183,21.97,1,1
Lx_11,Ldc3_11,905.2608444,15.46,23.784,31.377,23.34,15.77,9.497,35.961,162.9,0.023,2.844,26.5,1,1
Lx_16,Ldc3_4,1051.406334,24.416,26.586,33.971,3.356,7.628,3.496,25.872,173,0.02,3.48,91.68,1,1
Lx_6,Ldc3_11,642.6351488,31.54,17.046,7.246,19.24,14.54,10.04,36.794,152,0.052,2.714,7.19,1,1
Lx_5,Ldc3_6,944.2652923,30.018,8.842,35.648,2.677,7.224,3.374,26.019,193,0.07,3.389,13,1,1
Lx_1,Ldc3_13,825.6189782,20.279,6.238,16.295,1.682,4.354,-2.446,25.481,156,0.034,3.028,18.21,1,1
Lx_7,Ldc3_5,859.7396177,23.552,32.684,8.115,31.45,17.13,13.24,36.773,168,0.099,3.253,11.34,1,1
Lx_3,Ldc3_14,914.28466,33.111,9.743,4.71,5.048,9.9,2.97,30.78,192,0.077,2.464,13.07,1,1
Lx_3,Ldc3_3,659.1652491,15.103,32.824,9.507,25.37,16.22,12.94,39.159,169,0.05,3.403,6.336,1,1
Lx_9,Ldc3_2,754.8337156,22.864,4.891,18.017,6.258,7.419,3.436,28.021,84,-0.004,3.748,13.19,1,1
Lx_1,Ldc3_10,1119.743032,21.775,21.944,34.428,6.355,11.33,5.893,29.192,213,0.03,2.983,11.8,1,1
Lx_14,Ldc3_6,730.552761,16.99,30.177,4.274,30.51,14.89,10.64,35.933,102,-0.014,3.548,13.22,1,1
Lx_4,Ldc3_15,953.7266894,31.244,14.714,37.11,3.559,8.826,1.944,29.233,209,0.065,2.447,13.75,1,1
Lx_2,Ldc3_15,1237.058699,9.305,12.093,14.138,3.036,8.204,-2.108,26.55,214,0.039,2.387,17.78,1,1
Lx_13,Ldc3_7,679.7818819,20.036,27.904,25.711,23.72,13.85,9.423,36.064,103,-0.053,3.377,18.14,1,1
Lx_15,Ldc3_13,1269.90069,31.856,8.452,13.54,8.306,13,4.214,31.129,241,0.099,2.228,39.31,1,1
Lx_2,Ldc3_7,855.0141799,16.248,16.725,21.974,12.82,12.54,8.322,32.132,139,-0.012,3.35,8.342,1,1
Lx_6,Ldc3_13,720.4614194,13.004,31.076,19.16,27.96,16.8,11.6,39.071,174,0.112,2.55,8.854,1,1
Lx_6,Ldc3_3,1020.23484,13.739,14.14,18.818,17.8,14.87,10.94,32.871,178,0.081,3.592,11.99,1,1
Lx_8,Ldc3_4,866.7362692,5.659,9.016,11.94,20.38,13.63,9.396,32.909,111,0.043,3.889,10.86,1,1
Lx_12,Ldc3_16,967.7604338,18.464,21.275,12.967,16.89,13.74,12.97,28.937,141,0.062,2.147,36.89,1,1
Lx_9,Ldc3_8,1192.085084,7.476,14.753,27.629,16.82,16.29,11.76,33.877,258,0.106,2.935,23.02,1,1
Lx_10,Ldc3_10,1252.387516,15.812,12.557,29.461,11.61,10.01,14.99,32.703,275,0.11,2.685,29.65,1,1
Lx_8,Ldc3_17,1049.244365,3.83,27.103,24.681,23.78,16.62,7.232,35.69,194,0.101,2.242,23.33,1,1
Lx_14,Ldc3_7,1113.50603,11.975,24.342,6.933,16.62,14.92,10.34,32.718,194,0.093,3.379,24.12,1,1
Lx_16,Ldc3_10,1228.034096,17.883,25.472,11.482,8.588,12.63,6.773,30.237,218,0.094,2.996,39.07,1,1
Lx_7,Ldc3_4,776.3989437,23.214,15.778,26.222,20.51,16.06,12.73,36.337,201,0.129,3.247,10.48,1,1
Lx_5,Ldc3_9,950.2394349,14.428,19.902,17.656,20.63,15.77,10.94,34.697,185,0.069,3.244,10.97,1,1
Lx_15,Ldc3_1,1229.829954,8.723,20.489,29.688,5.028,11.16,7.806,28.155,261,0.01,3.652,74.3,1,1
Lx_7,Ldc3_14,1095.965887,19.781,9.954,8.029,9.14,11.92,2.404,30.12,171,0.035,2.718,18.15,1,1
Lx_12,Ldc3_2,1170.914246,28.485,20.735,28.313,17.52,16.41,13.11,33.868,256,0.061,3.169,38.21,1,1
Lx_11,Ldc3_14,825.0616619,8.002,12.165,10.583,26.64,15.43,7.985,35.71,133.1,0.062,3.175,12.25,1,1
Lx_3,Ldc3_15,724.7174207,10.301,24.194,25.237,18.98,14.64,8.516,35.871,152,0.026,3.134,7.803,1,1
Lx_3,Ldc3_5,1264.111536,2.074,15.353,25.928,7.003,12.05,7.939,28.956,234,0.064,3.312,14.26,1,1
Lx_14,Ldc3_13,1133.758244,32.931,29.665,28.639,3.659,8.465,-0.771,27.07,189,0.056,2.575,75.65,1,1
Lx_2,Ldc3_12,992.5290389,4.998,23.379,23.605,16.8,13.82,5.665,32.225,144,0.007,3.127,10.92,1,1
Lx_4,Ldc3_3,1120.464253,18.177,30.881,23.857,24.17,17.94,14.65,35.483,264,0.142,3.107,14.68,1,1
Lx_8,Ldc3_2,1198.700586,6.597,4.585,29.969,0.89,3.053,-0.619,20.27,211,0.076,3.585,33.02,1,1
